ingested_at,station_name,station_abbr,destination,destination_abbr,minutes_to_departure,delay_seconds,platform,direction,line_color,train_cars,delay_minutes,is_delayed,delay_category,ingestion_date,ingestion_hour
2026-02-21T01:08:40.682222+00:00,Lake Merritt,LAKE,Berryessa,BERY,7,88,1,South,ORANGE,6,1.47,No,Minor,2026-02-21,17
2026-02-21T01:08:40.682222+00:00,Lake Merritt,LAKE,Berryessa,BERY,16,67,1,North,GREEN,8,1.12,No,Minor,2026-02-21,17
2026-02-21T01:08:40.682222+00:00,Lake Merritt,LAKE,Berryessa,BERY,26,0,1,South,ORANGE,6,0.0,No,On Time,2026-02-21,17
2026-02-21T01:08:40.682222+00:00,Lake Merritt,LAKE,Daly City,DALY,2,0,2,South,BLUE,6,0.0,No,On Time,2026-02-21,17
2026-02-21T01:08:40.682222+00:00,Lake Merritt,LAKE,Daly City,DALY,21,342,2,South,GREEN,6,5.7,Yes,Severe,2026-02-21,17
2026-02-21T01:08:40.682222+00:00,Lake Merritt,LAKE,Daly City,DALY,22,0,2,South,BLUE,6,0.0,No,On Time,2026-02-21,17
2026-02-21T01:08:40.682222+00:00,Lake Merritt,LAKE,Dublin/Pleasanton,DUBL,13,101,1,North,BLUE,8,1.68,No,Minor,2026-02-21,17
2026-02-21T01:08:40.682222+00:00,Lake Merritt,LAKE,Dublin/Pleasanton,DUBL,31,0,1,North,BLUE,8,0.0,No,On Time,2026-02-21,17
2026-02-21T01:08:40.682222+00:00,Lake Merritt,LAKE,Dublin/Pleasanton,DUBL,51,0,1,North,BLUE,6,0.0,No,On Time,2026-02-21,17
2026-02-21T01:08:40.682222+00:00,Lake Merritt,LAKE,Richmond,RICH,5,0,2,North,ORANGE,6,0.0,No,On Time,2026-02-21,17
2026-02-21T01:08:40.682222+00:00,Lake Merritt,LAKE,Richmond,RICH,25,0,2,North,ORANGE,6,0.0,No,On Time,2026-02-21,17
2026-02-21T01:08:40.682222+00:00,Lake Merritt,LAKE,Richmond,RICH,45,0,2,North,ORANGE,6,0.0,No,On Time,2026-02-21,17
2026-02-21T01:08:40.682222+00:00,Fruitvale,FTVL,Berryessa,BERY,11,64,1,South,ORANGE,6,1.07,No,Minor,2026-02-21,17
2026-02-21T01:08:40.682222+00:00,Fruitvale,FTVL,Berryessa,BERY,19,0,1,North,GREEN,8,0.0,No,On Time,2026-02-21,17
2026-02-21T01:08:40.682222+00:00,Fruitvale,FTVL,Berryessa,BERY,30,0,1,South,ORANGE,6,0.0,No,On Time,2026-02-21,17
2026-02-21T01:08:40.682222+00:00,Fruitvale,FTVL,Daly City,DALY,16,355,2,South,GREEN,6,5.92,Yes,Severe,2026-02-21,17
2026-02-21T01:08:40.682222+00:00,Fruitvale,FTVL,Daly City,DALY,17,0,2,South,BLUE,6,0.0,No,On Time,2026-02-21,17
2026-02-21T01:08:40.682222+00:00,Fruitvale,FTVL,Daly City,DALY,30,0,2,South,GREEN,6,0.0,No,On Time,2026-02-21,17
2026-02-21T01:08:40.682222+00:00,Fruitvale,FTVL,Dublin/Pleasanton,DUBL,16,76,1,North,BLUE,8,1.27,No,Minor,2026-02-21,17
2026-02-21T01:08:40.682222+00:00,Fruitvale,FTVL,Dublin/Pleasanton,DUBL,35,0,1,North,BLUE,8,0.0,No,On Time,2026-02-21,17
2026-02-21T01:08:40.682222+00:00,Fruitvale,FTVL,Dublin/Pleasanton,DUBL,55,0,1,North,BLUE,6,0.0,No,On Time,2026-02-21,17
2026-02-21T01:08:40.682222+00:00,Fruitvale,FTVL,Richmond,RICH,1,0,2,North,ORANGE,6,0.0,No,On Time,2026-02-21,17
2026-02-21T01:08:40.682222+00:00,Fruitvale,FTVL,Richmond,RICH,20,0,2,North,ORANGE,6,0.0,No,On Time,2026-02-21,17
2026-02-21T01:08:40.682222+00:00,Fruitvale,FTVL,Richmond,RICH,40,0,2,North,ORANGE,6,0.0,No,On Time,2026-02-21,17
2026-02-21T01:08:40.682222+00:00,Coliseum,COLS,Berryessa,BERY,2,0,1,North,GREEN,8,0.0,No,On Time,2026-02-21,17
2026-02-21T01:08:40.682222+00:00,Coliseum,COLS,Berryessa,BERY,14,0,1,South,ORANGE,6,0.0,No,On Time,2026-02-21,17
2026-02-21T01:08:40.682222+00:00,Coliseum,COLS,Berryessa,BERY,22,0,1,North,GREEN,8,0.0,No,On Time,2026-02-21,17
2026-02-21T01:08:40.682222+00:00,Coliseum,COLS,Daly City,DALY,13,365,2,South,GREEN,6,6.08,Yes,Severe,2026-02-21,17
2026-02-21T01:08:40.682222+00:00,Coliseum,COLS,Daly City,DALY,15,0,2,South,BLUE,6,0.0,No,On Time,2026-02-21,17
2026-02-21T01:08:40.682222+00:00,Coliseum,COLS,Daly City,DALY,27,0,2,South,GREEN,6,0.0,No,On Time,2026-02-21,17
2026-02-21T01:08:40.682222+00:00,Coliseum,COLS,Dublin/Pleasanton,DUBL,20,70,1,North,BLUE,8,1.17,No,Minor,2026-02-21,17
2026-02-21T01:08:40.682222+00:00,Coliseum,COLS,Dublin/Pleasanton,DUBL,38,0,1,North,BLUE,8,0.0,No,On Time,2026-02-21,17
2026-02-21T01:08:40.682222+00:00,Coliseum,COLS,Dublin/Pleasanton,DUBL,58,0,1,North,BLUE,6,0.0,No,On Time,2026-02-21,17
2026-02-21T01:08:40.682222+00:00,Coliseum,COLS,Richmond,RICH,17,0,2,North,ORANGE,6,0.0,No,On Time,2026-02-21,17
2026-02-21T01:08:40.682222+00:00,Coliseum,COLS,Richmond,RICH,37,0,2,North,ORANGE,6,0.0,No,On Time,2026-02-21,17
2026-02-21T01:08:40.682222+00:00,Coliseum,COLS,Richmond,RICH,57,0,2,North,ORANGE,6,0.0,No,On Time,2026-02-21,17
2026-02-21T01:08:40.682222+00:00,San Leandro,SANL,Berryessa,BERY,6,0,1,North,GREEN,8,0.0,No,On Time,2026-02-21,17
2026-02-21T01:08:40.682222+00:00,San Leandro,SANL,Berryessa,BERY,18,0,1,South,ORANGE,6,0.0,No,On Time,2026-02-21,17
2026-02-21T01:08:40.682222+00:00,San Leandro,SANL,Berryessa,BERY,26,0,1,North,GREEN,8,0.0,No,On Time,2026-02-21,17
2026-02-21T01:08:40.682222+00:00,San Leandro,SANL,Daly City,DALY,9,379,2,South,GREEN,6,6.32,Yes,Severe,2026-02-21,17
2026-02-21T01:08:40.682222+00:00,San Leandro,SANL,Daly City,DALY,11,0,2,South,BLUE,6,0.0,No,On Time,2026-02-21,17
2026-02-21T01:08:40.682222+00:00,San Leandro,SANL,Daly City,DALY,23,0,2,South,GREEN,6,0.0,No,On Time,2026-02-21,17
2026-02-21T01:08:40.682222+00:00,San Leandro,SANL,Dublin/Pleasanton,DUBL,3,0,1,North,BLUE,8,0.0,No,On Time,2026-02-21,17
2026-02-21T01:08:40.682222+00:00,San Leandro,SANL,Dublin/Pleasanton,DUBL,23,0,1,North,BLUE,8,0.0,No,On Time,2026-02-21,17
2026-02-21T01:08:40.682222+00:00,San Leandro,SANL,Dublin/Pleasanton,DUBL,43,0,1,North,BLUE,8,0.0,No,On Time,2026-02-21,17
2026-02-21T01:08:40.682222+00:00,San Leandro,SANL,Richmond,RICH,13,0,2,North,ORANGE,6,0.0,No,On Time,2026-02-21,17
2026-02-21T01:08:40.682222+00:00,San Leandro,SANL,Richmond,RICH,33,0,2,North,ORANGE,6,0.0,No,On Time,2026-02-21,17
2026-02-21T01:08:40.682222+00:00,San Leandro,SANL,Richmond,RICH,53,0,2,North,ORANGE,6,0.0,No,On Time,2026-02-21,17
2026-02-21T01:08:40.682222+00:00,Bay Fair,BAYF,Berryessa,BERY,2,81,1,South,ORANGE,6,1.35,No,Minor,2026-02-21,17
2026-02-21T01:08:40.682222+00:00,Bay Fair,BAYF,Berryessa,BERY,10,0,1,North,GREEN,8,0.0,No,On Time,2026-02-21,17
2026-02-21T01:08:40.682222+00:00,Bay Fair,BAYF,Berryessa,BERY,21,0,1,South,ORANGE,6,0.0,No,On Time,2026-02-21,17
2026-02-21T01:08:40.682222+00:00,Bay Fair,BAYF,Daly City,DALY,6,394,2,South,GREEN,6,6.57,Yes,Severe,2026-02-21,17
2026-02-21T01:08:40.682222+00:00,Bay Fair,BAYF,Daly City,DALY,7,64,2,South,BLUE,6,1.07,No,Minor,2026-02-21,17
2026-02-21T01:08:40.682222+00:00,Bay Fair,BAYF,Daly City,DALY,19,0,2,South,GREEN,6,0.0,No,On Time,2026-02-21,17
2026-02-21T01:08:40.682222+00:00,Bay Fair,BAYF,Dublin/Pleasanton,DUBL,6,0,1,North,BLUE,8,0.0,No,On Time,2026-02-21,17
2026-02-21T01:08:40.682222+00:00,Bay Fair,BAYF,Dublin/Pleasanton,DUBL,27,0,1,North,BLUE,8,0.0,No,On Time,2026-02-21,17
2026-02-21T01:08:40.682222+00:00,Bay Fair,BAYF,Dublin/Pleasanton,DUBL,47,0,1,North,BLUE,8,0.0,No,On Time,2026-02-21,17
2026-02-21T01:08:40.682222+00:00,Bay Fair,BAYF,Richmond,RICH,9,0,2,North,ORANGE,6,0.0,No,On Time,2026-02-21,17
2026-02-21T01:08:40.682222+00:00,Bay Fair,BAYF,Richmond,RICH,29,0,2,North,ORANGE,6,0.0,No,On Time,2026-02-21,17
2026-02-21T01:08:40.682222+00:00,Bay Fair,BAYF,Richmond,RICH,49,0,2,North,ORANGE,6,0.0,No,On Time,2026-02-21,17
2026-02-21T01:08:40.682222+00:00,Hayward,HAYW,Berryessa,BERY,6,0,1,South,ORANGE,6,0.0,No,On Time,2026-02-21,17
2026-02-21T01:08:40.682222+00:00,Hayward,HAYW,Berryessa,BERY,14,0,1,North,GREEN,8,0.0,No,On Time,2026-02-21,17
2026-02-21T01:08:40.682222+00:00,Hayward,HAYW,Berryessa,BERY,25,0,1,South,ORANGE,6,0.0,No,On Time,2026-02-21,17
2026-02-21T01:08:40.682222+00:00,Hayward,HAYW,Daly City,DALY,2,385,2,South,GREEN,6,6.42,Yes,Severe,2026-02-21,17
2026-02-21T01:08:40.682222+00:00,Hayward,HAYW,Daly City,DALY,16,0,2,South,GREEN,6,0.0,No,On Time,2026-02-21,17
2026-02-21T01:08:40.682222+00:00,Hayward,HAYW,Daly City,DALY,35,0,2,South,GREEN,6,0.0,No,On Time,2026-02-21,17
2026-02-21T01:08:40.682222+00:00,Hayward,HAYW,Richmond,RICH,5,0,2,North,ORANGE,6,0.0,No,On Time,2026-02-21,17
2026-02-21T01:08:40.682222+00:00,Hayward,HAYW,Richmond,RICH,25,0,2,North,ORANGE,6,0.0,No,On Time,2026-02-21,17
2026-02-21T01:08:40.682222+00:00,Hayward,HAYW,Richmond,RICH,45,0,2,North,ORANGE,6,0.0,No,On Time,2026-02-21,17
2026-02-21T01:08:40.682222+00:00,South Hayward,SHAY,Berryessa,BERY,10,0,1,South,ORANGE,6,0.0,No,On Time,2026-02-21,17
2026-02-21T01:08:40.682222+00:00,South Hayward,SHAY,Berryessa,BERY,18,0,1,North,GREEN,8,0.0,No,On Time,2026-02-21,17
2026-02-21T01:08:40.682222+00:00,South Hayward,SHAY,Berryessa,BERY,29,0,1,South,ORANGE,6,0.0,No,On Time,2026-02-21,17
2026-02-21T01:08:40.682222+00:00,South Hayward,SHAY,Daly City,DALY,12,0,2,South,GREEN,6,0.0,No,On Time,2026-02-21,17
2026-02-21T01:08:40.682222+00:00,South Hayward,SHAY,Daly City,DALY,31,0,2,South,GREEN,6,0.0,No,On Time,2026-02-21,17
2026-02-21T01:08:40.682222+00:00,South Hayward,SHAY,Daly City,DALY,51,0,2,South,GREEN,6,0.0,No,On Time,2026-02-21,17
2026-02-21T01:08:40.682222+00:00,South Hayward,SHAY,Richmond,RICH,2,0,2,North,ORANGE,6,0.0,No,On Time,2026-02-21,17
2026-02-21T01:08:40.682222+00:00,South Hayward,SHAY,Richmond,RICH,21,0,2,North,ORANGE,6,0.0,No,On Time,2026-02-21,17
2026-02-21T01:08:40.682222+00:00,South Hayward,SHAY,Richmond,RICH,41,0,2,North,ORANGE,6,0.0,No,On Time,2026-02-21,17
2026-02-21T01:08:40.682222+00:00,Union City,UCTY,Berryessa,BERY,4,0,1,North,GREEN,6,0.0,No,On Time,2026-02-21,17
2026-02-21T01:08:40.682222+00:00,Union City,UCTY,Berryessa,BERY,15,0,1,South,ORANGE,6,0.0,No,On Time,2026-02-21,17
2026-02-21T01:08:40.682222+00:00,Union City,UCTY,Berryessa,BERY,24,0,1,North,GREEN,8,0.0,No,On Time,2026-02-21,17
2026-02-21T01:08:40.682222+00:00,Union City,UCTY,Daly City,DALY,7,0,2,South,GREEN,6,0.0,No,On Time,2026-02-21,17
2026-02-21T01:08:40.682222+00:00,Union City,UCTY,Daly City,DALY,26,0,2,South,GREEN,6,0.0,No,On Time,2026-02-21,17
2026-02-21T01:08:40.682222+00:00,Union City,UCTY,Daly City,DALY,46,0,2,South,GREEN,6,0.0,No,On Time,2026-02-21,17
2026-02-21T01:08:40.682222+00:00,Union City,UCTY,Richmond,RICH,16,0,2,North,ORANGE,6,0.0,No,On Time,2026-02-21,17
2026-02-21T01:08:40.682222+00:00,Union City,UCTY,Richmond,RICH,36,0,2,North,ORANGE,6,0.0,No,On Time,2026-02-21,17
2026-02-21T01:08:40.682222+00:00,Union City,UCTY,Richmond,RICH,56,0,2,North,ORANGE,6,0.0,No,On Time,2026-02-21,17
2026-02-21T01:08:40.682222+00:00,Fremont,FRMT,Berryessa,BERY,2,177,1,South,ORANGE,6,2.95,Yes,Moderate,2026-02-21,17
2026-02-21T01:08:40.682222+00:00,Fremont,FRMT,Berryessa,BERY,8,0,1,North,GREEN,6,0.0,No,On Time,2026-02-21,17
2026-02-21T01:08:40.682222+00:00,Fremont,FRMT,Berryessa,BERY,19,0,1,South,ORANGE,6,0.0,No,On Time,2026-02-21,17
2026-02-21T01:08:40.682222+00:00,Fremont,FRMT,Daly City,DALY,3,93,2,South,GREEN,6,1.55,No,Minor,2026-02-21,17
2026-02-21T01:08:40.682222+00:00,Fremont,FRMT,Daly City,DALY,22,0,2,South,GREEN,6,0.0,No,On Time,2026-02-21,17
2026-02-21T01:08:40.682222+00:00,Fremont,FRMT,Daly City,DALY,42,0,2,South,GREEN,6,0.0,No,On Time,2026-02-21,17
2026-02-21T01:08:40.682222+00:00,Fremont,FRMT,Richmond,RICH,12,0,2,North,ORANGE,6,0.0,No,On Time,2026-02-21,17
2026-02-21T01:08:40.682222+00:00,Fremont,FRMT,Richmond,RICH,32,0,2,North,ORANGE,6,0.0,No,On Time,2026-02-21,17
2026-02-21T01:08:40.682222+00:00,Fremont,FRMT,Richmond,RICH,52,0,2,North,ORANGE,6,0.0,No,On Time,2026-02-21,17
2026-02-21T01:08:40.682222+00:00,Rockridge,ROCK,Antioch,ANTC,16,0,1,North,YELLOW,9,0.0,No,On Time,2026-02-21,17
2026-02-21T01:08:40.682222+00:00,Rockridge,ROCK,Antioch,ANTC,36,0,1,North,YELLOW,9,0.0,No,On Time,2026-02-21,17
2026-02-21T01:08:40.682222+00:00,Rockridge,ROCK,Antioch,ANTC,56,0,1,North,YELLOW,9,0.0,No,On Time,2026-02-21,17
2026-02-21T01:08:40.682222+00:00,Rockridge,ROCK,Pittsburg/Bay Point,PITT,4,0,1,North,YELLOW,9,0.0,No,On Time,2026-02-21,17
2026-02-21T01:08:40.682222+00:00,Rockridge,ROCK,Pittsburg/Bay Point,PITT,24,0,1,North,YELLOW,9,0.0,No,On Time,2026-02-21,17
2026-02-21T01:08:40.682222+00:00,Rockridge,ROCK,Pittsburg/Bay Point,PITT,44,0,1,North,YELLOW,9,0.0,No,On Time,2026-02-21,17
2026-02-21T01:08:40.682222+00:00,Rockridge,ROCK,SF Airport,SFIA,3,0,2,South,YELLOW,10,0.0,No,On Time,2026-02-21,17
2026-02-21T01:08:40.682222+00:00,Rockridge,ROCK,SF Airport,SFIA,11,0,2,South,YELLOW,9,0.0,No,On Time,2026-02-21,17
2026-02-21T01:08:40.682222+00:00,Rockridge,ROCK,SF Airport,SFIA,23,0,2,South,YELLOW,9,0.0,No,On Time,2026-02-21,17
2026-02-21T01:08:40.682222+00:00,Orinda,ORIN,Antioch,ANTC,2,0,1,North,YELLOW,9,0.0,No,On Time,2026-02-21,17
2026-02-21T01:08:40.682222+00:00,Orinda,ORIN,Antioch,ANTC,21,0,1,North,YELLOW,9,0.0,No,On Time,2026-02-21,17
2026-02-21T01:08:40.682222+00:00,Orinda,ORIN,Antioch,ANTC,41,0,1,North,YELLOW,9,0.0,No,On Time,2026-02-21,17
2026-02-21T01:08:40.682222+00:00,Orinda,ORIN,Pittsburg/Bay Point,PITT,10,0,1,North,YELLOW,9,0.0,No,On Time,2026-02-21,17
2026-02-21T01:08:40.682222+00:00,Orinda,ORIN,Pittsburg/Bay Point,PITT,30,0,1,North,YELLOW,9,0.0,No,On Time,2026-02-21,17
2026-02-21T01:08:40.682222+00:00,Orinda,ORIN,Pittsburg/Bay Point,PITT,50,0,1,North,YELLOW,9,0.0,No,On Time,2026-02-21,17
2026-02-21T01:08:40.682222+00:00,Orinda,ORIN,SF Airport,SFIA,5,0,2,South,YELLOW,9,0.0,No,On Time,2026-02-21,17
2026-02-21T01:08:40.682222+00:00,Orinda,ORIN,SF Airport,SFIA,17,0,2,South,YELLOW,9,0.0,No,On Time,2026-02-21,17
2026-02-21T01:08:40.682222+00:00,Orinda,ORIN,SF Airport,SFIA,25,0,2,South,YELLOW,9,0.0,No,On Time,2026-02-21,17
2026-02-21T01:08:40.682222+00:00,Lafayette,LAFY,Antioch,ANTC,6,0,1,North,YELLOW,9,0.0,No,On Time,2026-02-21,17
2026-02-21T01:08:40.682222+00:00,Lafayette,LAFY,Antioch,ANTC,26,0,1,North,YELLOW,9,0.0,No,On Time,2026-02-21,17
2026-02-21T01:08:40.682222+00:00,Lafayette,LAFY,Antioch,ANTC,46,0,1,North,YELLOW,9,0.0,No,On Time,2026-02-21,17
2026-02-21T01:08:40.682222+00:00,Lafayette,LAFY,Pittsburg/Bay Point,PITT,15,0,1,North,YELLOW,9,0.0,No,On Time,2026-02-21,17
2026-02-21T01:08:40.682222+00:00,Lafayette,LAFY,Pittsburg/Bay Point,PITT,35,0,1,North,YELLOW,9,0.0,No,On Time,2026-02-21,17
2026-02-21T01:08:40.682222+00:00,Lafayette,LAFY,Pittsburg/Bay Point,PITT,55,0,1,North,YELLOW,9,0.0,No,On Time,2026-02-21,17
2026-02-21T01:08:40.682222+00:00,Lafayette,LAFY,SF Airport,SFIA,0,0,2,South,YELLOW,9,0.0,No,On Time,2026-02-21,17
2026-02-21T01:08:40.682222+00:00,Lafayette,LAFY,SF Airport,SFIA,12,0,2,South,YELLOW,9,0.0,No,On Time,2026-02-21,17
2026-02-21T01:08:40.682222+00:00,Lafayette,LAFY,SF Airport,SFIA,20,0,2,South,YELLOW,9,0.0,No,On Time,2026-02-21,17
2026-02-21T01:08:40.682222+00:00,Walnut Creek,WCRK,Antioch,ANTC,11,0,1,North,YELLOW,9,0.0,No,On Time,2026-02-21,17
2026-02-21T01:08:40.682222+00:00,Walnut Creek,WCRK,Antioch,ANTC,31,0,1,North,YELLOW,9,0.0,No,On Time,2026-02-21,17
2026-02-21T01:08:40.682222+00:00,Walnut Creek,WCRK,Antioch,ANTC,51,0,1,North,YELLOW,9,0.0,No,On Time,2026-02-21,17
2026-02-21T01:08:40.682222+00:00,Walnut Creek,WCRK,Pittsburg/Bay Point,PITT,0,0,1,North,YELLOW,9,0.0,No,On Time,2026-02-21,17
2026-02-21T01:08:40.682222+00:00,Walnut Creek,WCRK,Pittsburg/Bay Point,PITT,19,0,1,North,YELLOW,9,0.0,No,On Time,2026-02-21,17
2026-02-21T01:08:40.682222+00:00,Walnut Creek,WCRK,Pittsburg/Bay Point,PITT,39,0,1,North,YELLOW,9,0.0,No,On Time,2026-02-21,17
2026-02-21T01:08:40.682222+00:00,Walnut Creek,WCRK,SF Airport,SFIA,7,0,2,South,YELLOW,9,0.0,No,On Time,2026-02-21,17
2026-02-21T01:08:40.682222+00:00,Walnut Creek,WCRK,SF Airport,SFIA,16,0,2,South,YELLOW,9,0.0,No,On Time,2026-02-21,17
2026-02-21T01:08:40.682222+00:00,Walnut Creek,WCRK,SF Airport,SFIA,27,0,2,South,YELLOW,9,0.0,No,On Time,2026-02-21,17
2026-02-21T01:08:40.682222+00:00,Pleasant Hill/Contra Costa Centre,PHIL,Antioch,ANTC,14,0,1,North,YELLOW,9,0.0,No,On Time,2026-02-21,17
2026-02-21T01:08:40.682222+00:00,Pleasant Hill/Contra Costa Centre,PHIL,Antioch,ANTC,34,0,1,North,YELLOW,9,0.0,No,On Time,2026-02-21,17
2026-02-21T01:08:40.682222+00:00,Pleasant Hill/Contra Costa Centre,PHIL,Antioch,ANTC,54,0,1,North,YELLOW,9,0.0,No,On Time,2026-02-21,17
2026-02-21T01:08:40.682222+00:00,Pleasant Hill/Contra Costa Centre,PHIL,Pittsburg/Bay Point,PITT,3,0,1,North,YELLOW,9,0.0,No,On Time,2026-02-21,17
2026-02-21T01:08:40.682222+00:00,Pleasant Hill/Contra Costa Centre,PHIL,Pittsburg/Bay Point,PITT,22,0,1,North,YELLOW,9,0.0,No,On Time,2026-02-21,17
2026-02-21T01:08:40.682222+00:00,Pleasant Hill/Contra Costa Centre,PHIL,Pittsburg/Bay Point,PITT,42,0,1,North,YELLOW,9,0.0,No,On Time,2026-02-21,17
2026-02-21T01:08:40.682222+00:00,Pleasant Hill/Contra Costa Centre,PHIL,SF Airport,SFIA,4,0,2,South,YELLOW,9,0.0,No,On Time,2026-02-21,17
2026-02-21T01:08:40.682222+00:00,Pleasant Hill/Contra Costa Centre,PHIL,SF Airport,SFIA,13,0,2,South,YELLOW,9,0.0,No,On Time,2026-02-21,17
2026-02-21T01:08:40.682222+00:00,Pleasant Hill/Contra Costa Centre,PHIL,SF Airport,SFIA,24,0,2,South,YELLOW,9,0.0,No,On Time,2026-02-21,17
2026-02-21T01:08:40.682222+00:00,Concord,CONC,Antioch,ANTC,19,0,1,North,YELLOW,9,0.0,No,On Time,2026-02-21,17
2026-02-21T01:08:40.682222+00:00,Concord,CONC,Antioch,ANTC,39,0,1,North,YELLOW,9,0.0,No,On Time,2026-02-21,17
2026-02-21T01:08:40.682222+00:00,Concord,CONC,Antioch,ANTC,59,0,1,North,YELLOW,9,0.0,No,On Time,2026-02-21,17
2026-02-21T01:08:40.682222+00:00,Concord,CONC,Pittsburg/Bay Point,PITT,8,0,1,North,YELLOW,9,0.0,No,On Time,2026-02-21,17
2026-02-21T01:08:40.682222+00:00,Concord,CONC,Pittsburg/Bay Point,PITT,27,0,1,North,YELLOW,9,0.0,No,On Time,2026-02-21,17
2026-02-21T01:08:40.682222+00:00,Concord,CONC,Pittsburg/Bay Point,PITT,47,0,1,North,YELLOW,9,0.0,No,On Time,2026-02-21,17
2026-02-21T01:08:40.682222+00:00,Concord,CONC,SF Airport,SFIA,7,0,2,South,YELLOW,9,0.0,No,On Time,2026-02-21,17
2026-02-21T01:08:40.682222+00:00,Concord,CONC,SF Airport,SFIA,19,0,2,South,YELLOW,9,0.0,No,On Time,2026-02-21,17
2026-02-21T01:08:40.682222+00:00,Concord,CONC,SF Airport,SFIA,27,0,2,South,YELLOW,9,0.0,No,On Time,2026-02-21,17
2026-02-21T01:08:40.682222+00:00,North Concord/Martinez,NCON,Antioch,ANTC,3,0,1,North,YELLOW,9,0.0,No,On Time,2026-02-21,17
2026-02-21T01:08:40.682222+00:00,North Concord/Martinez,NCON,Antioch,ANTC,23,0,1,North,YELLOW,9,0.0,No,On Time,2026-02-21,17
2026-02-21T01:08:40.682222+00:00,North Concord/Martinez,NCON,Antioch,ANTC,43,0,1,North,YELLOW,9,0.0,No,On Time,2026-02-21,17
2026-02-21T01:08:40.682222+00:00,North Concord/Martinez,NCON,Pittsburg/Bay Point,PITT,11,0,1,North,YELLOW,9,0.0,No,On Time,2026-02-21,17
2026-02-21T01:08:40.682222+00:00,North Concord/Martinez,NCON,Pittsburg/Bay Point,PITT,31,0,1,North,YELLOW,9,0.0,No,On Time,2026-02-21,17
2026-02-21T01:08:40.682222+00:00,North Concord/Martinez,NCON,Pittsburg/Bay Point,PITT,51,0,1,North,YELLOW,9,0.0,No,On Time,2026-02-21,17
2026-02-21T01:08:40.682222+00:00,North Concord/Martinez,NCON,SF Airport,SFIA,4,0,2,South,YELLOW,9,0.0,No,On Time,2026-02-21,17
2026-02-21T01:08:40.682222+00:00,North Concord/Martinez,NCON,SF Airport,SFIA,15,0,2,South,YELLOW,9,0.0,No,On Time,2026-02-21,17
2026-02-21T01:08:40.682222+00:00,North Concord/Martinez,NCON,SF Airport,SFIA,24,0,2,South,YELLOW,9,0.0,No,On Time,2026-02-21,17
2026-02-21T01:08:40.682222+00:00,Pittsburg/Bay Point,PITT,Antioch,ANTC,9,0,1,North,YELLOW,9,0.0,No,On Time,2026-02-21,17
2026-02-21T01:08:40.682222+00:00,Pittsburg/Bay Point,PITT,Antioch,ANTC,29,0,1,North,YELLOW,9,0.0,No,On Time,2026-02-21,17
2026-02-21T01:08:40.682222+00:00,Pittsburg/Bay Point,PITT,Antioch,ANTC,49,0,1,North,YELLOW,9,0.0,No,On Time,2026-02-21,17
2026-02-21T01:08:40.682222+00:00,Pittsburg/Bay Point,PITT,SF Airport,SFIA,7,0,2,South,YELLOW,9,0.0,No,On Time,2026-02-21,17
2026-02-21T01:08:40.682222+00:00,Pittsburg/Bay Point,PITT,SF Airport,SFIA,17,0,2,South,YELLOW,9,0.0,No,On Time,2026-02-21,17
2026-02-21T01:08:40.682222+00:00,Pittsburg/Bay Point,PITT,SF Airport,SFIA,27,0,2,South,YELLOW,9,0.0,No,On Time,2026-02-21,17
2026-02-21T01:08:40.682222+00:00,Pittsburg Center,PCTR,Antioch,ANTC,0,0,1,North,YELLOW,2,0.0,No,On Time,2026-02-21,17
2026-02-21T01:08:40.682222+00:00,Pittsburg Center,PCTR,Antioch,ANTC,20,0,1,North,YELLOW,1,0.0,No,On Time,2026-02-21,17
2026-02-21T01:08:40.682222+00:00,Pittsburg Center,PCTR,Antioch,ANTC,40,0,1,North,YELLOW,1,0.0,No,On Time,2026-02-21,17
2026-02-21T01:08:40.682222+00:00,Pittsburg Center,PCTR,SFO/Millbrae,MLBR,8,0,2,South,YELLOW,3,0.0,No,On Time,2026-02-21,17
2026-02-21T01:08:40.682222+00:00,Pittsburg Center,PCTR,SFO/Millbrae,MLBR,28,0,2,South,YELLOW,2,0.0,No,On Time,2026-02-21,17
2026-02-21T01:08:40.682222+00:00,Pittsburg Center,PCTR,SFO/Millbrae,MLBR,48,0,2,South,YELLOW,1,0.0,No,On Time,2026-02-21,17
2026-02-21T01:08:40.682222+00:00,Antioch,ANTC,SFO/Millbrae,MLBR,0,0,2,South,YELLOW,3,0.0,No,On Time,2026-02-21,17
2026-02-21T01:08:40.682222+00:00,Antioch,ANTC,SFO/Millbrae,MLBR,21,0,2,South,YELLOW,2,0.0,No,On Time,2026-02-21,17
2026-02-21T01:08:40.682222+00:00,Antioch,ANTC,SFO/Millbrae,MLBR,41,0,2,South,YELLOW,1,0.0,No,On Time,2026-02-21,17
2026-02-21T01:08:40.682222+00:00,12th St. Oakland City Center,12TH,Antioch,ANTC,8,0,3,North,YELLOW,9,0.0,No,On Time,2026-02-21,17
2026-02-21T01:08:40.682222+00:00,12th St. Oakland City Center,12TH,Antioch,ANTC,28,0,3,North,YELLOW,9,0.0,No,On Time,2026-02-21,17
2026-02-21T01:08:40.682222+00:00,12th St. Oakland City Center,12TH,Antioch,ANTC,48,0,3,North,YELLOW,9,0.0,No,On Time,2026-02-21,17
2026-02-21T01:08:40.682222+00:00,12th St. Oakland City Center,12TH,Berryessa,BERY,4,123,2,South,ORANGE,6,2.05,Yes,Moderate,2026-02-21,17
2026-02-21T01:08:40.682222+00:00,12th St. Oakland City Center,12TH,Berryessa,BERY,23,0,2,South,ORANGE,6,0.0,No,On Time,2026-02-21,17
2026-02-21T01:08:40.682222+00:00,12th St. Oakland City Center,12TH,Berryessa,BERY,43,0,2,South,ORANGE,6,0.0,No,On Time,2026-02-21,17
2026-02-21T01:08:40.682222+00:00,12th St. Oakland City Center,12TH,Millbrae,MLBR,8,0,2,South,RED,6,0.0,No,On Time,2026-02-21,17
2026-02-21T01:08:40.682222+00:00,12th St. Oakland City Center,12TH,Millbrae,MLBR,27,0,2,South,RED,6,0.0,No,On Time,2026-02-21,17
2026-02-21T01:08:40.682222+00:00,12th St. Oakland City Center,12TH,Millbrae,MLBR,47,0,2,South,RED,6,0.0,No,On Time,2026-02-21,17
2026-02-21T01:08:40.682222+00:00,12th St. Oakland City Center,12TH,Pittsburg/Bay Point,PITT,16,0,3,North,YELLOW,9,0.0,No,On Time,2026-02-21,17
2026-02-21T01:08:40.682222+00:00,12th St. Oakland City Center,12TH,Pittsburg/Bay Point,PITT,36,0,3,North,YELLOW,9,0.0,No,On Time,2026-02-21,17
2026-02-21T01:08:40.682222+00:00,12th St. Oakland City Center,12TH,Pittsburg/Bay Point,PITT,56,0,3,North,YELLOW,9,0.0,No,On Time,2026-02-21,17
2026-02-21T01:08:40.682222+00:00,12th St. Oakland City Center,12TH,Richmond,RICH,4,146,1,North,RED,8,2.43,Yes,Moderate,2026-02-21,17
2026-02-21T01:08:40.682222+00:00,12th St. Oakland City Center,12TH,Richmond,RICH,8,0,1,North,ORANGE,6,0.0,No,On Time,2026-02-21,17
2026-02-21T01:08:40.682222+00:00,12th St. Oakland City Center,12TH,Richmond,RICH,22,0,1,North,RED,8,0.0,No,On Time,2026-02-21,17
2026-02-21T01:08:40.682222+00:00,12th St. Oakland City Center,12TH,SF Airport,SFIA,4,244,2,South,YELLOW,9,4.07,Yes,Moderate,2026-02-21,17
2026-02-21T01:08:40.682222+00:00,12th St. Oakland City Center,12TH,SF Airport,SFIA,12,0,2,South,YELLOW,10,0.0,No,On Time,2026-02-21,17
2026-02-21T01:08:40.682222+00:00,12th St. Oakland City Center,12TH,SF Airport,SFIA,20,0,2,South,YELLOW,9,0.0,No,On Time,2026-02-21,17
2026-02-21T01:08:40.682222+00:00,19th St. Oakland,19TH,Antioch,ANTC,9,0,3,North,YELLOW,9,0.0,No,On Time,2026-02-21,17
2026-02-21T01:08:40.682222+00:00,19th St. Oakland,19TH,Antioch,ANTC,30,0,3,North,YELLOW,9,0.0,No,On Time,2026-02-21,17
2026-02-21T01:08:40.682222+00:00,19th St. Oakland,19TH,Antioch,ANTC,50,0,3,North,YELLOW,9,0.0,No,On Time,2026-02-21,17
2026-02-21T01:08:40.682222+00:00,19th St. Oakland,19TH,Berryessa,BERY,3,161,2,South,ORANGE,6,2.68,Yes,Moderate,2026-02-21,17
2026-02-21T01:08:40.682222+00:00,19th St. Oakland,19TH,Berryessa,BERY,21,0,2,South,ORANGE,6,0.0,No,On Time,2026-02-21,17
2026-02-21T01:08:40.682222+00:00,19th St. Oakland,19TH,Berryessa,BERY,41,0,2,South,ORANGE,6,0.0,No,On Time,2026-02-21,17
2026-02-21T01:08:40.682222+00:00,19th St. Oakland,19TH,Millbrae,MLBR,5,0,2,South,RED,6,0.0,No,On Time,2026-02-21,17
2026-02-21T01:08:40.682222+00:00,19th St. Oakland,19TH,Millbrae,MLBR,25,0,2,South,RED,6,0.0,No,On Time,2026-02-21,17
2026-02-21T01:08:40.682222+00:00,19th St. Oakland,19TH,Millbrae,MLBR,45,0,2,South,RED,6,0.0,No,On Time,2026-02-21,17
2026-02-21T01:08:40.682222+00:00,19th St. Oakland,19TH,Pittsburg/Bay Point,PITT,18,0,3,North,YELLOW,9,0.0,No,On Time,2026-02-21,17
2026-02-21T01:08:40.682222+00:00,19th St. Oakland,19TH,Pittsburg/Bay Point,PITT,38,0,3,North,YELLOW,9,0.0,No,On Time,2026-02-21,17
2026-02-21T01:08:40.682222+00:00,19th St. Oakland,19TH,Pittsburg/Bay Point,PITT,58,0,3,North,YELLOW,9,0.0,No,On Time,2026-02-21,17
2026-02-21T01:08:40.682222+00:00,19th St. Oakland,19TH,Richmond,RICH,5,146,1,North,RED,8,2.43,Yes,Moderate,2026-02-21,17
2026-02-21T01:08:40.682222+00:00,19th St. Oakland,19TH,Richmond,RICH,10,0,1,North,ORANGE,6,0.0,No,On Time,2026-02-21,17
2026-02-21T01:08:40.682222+00:00,19th St. Oakland,19TH,Richmond,RICH,23,0,1,North,RED,8,0.0,No,On Time,2026-02-21,17
2026-02-21T01:08:40.682222+00:00,19th St. Oakland,19TH,SF Airport,SFIA,3,290,2,South,YELLOW,9,4.83,Yes,Moderate,2026-02-21,17
2026-02-21T01:08:40.682222+00:00,19th St. Oakland,19TH,SF Airport,SFIA,10,0,2,South,YELLOW,10,0.0,No,On Time,2026-02-21,17
2026-02-21T01:08:40.682222+00:00,19th St. Oakland,19TH,SF Airport,SFIA,18,0,2,South,YELLOW,9,0.0,No,On Time,2026-02-21,17
2026-02-21T01:08:40.682222+00:00,MacArthur,MCAR,Antioch,ANTC,13,0,3,North,YELLOW,9,0.0,No,On Time,2026-02-21,17
2026-02-21T01:08:40.682222+00:00,MacArthur,MCAR,Antioch,ANTC,33,0,3,North,YELLOW,9,0.0,No,On Time,2026-02-21,17
2026-02-21T01:08:40.682222+00:00,MacArthur,MCAR,Antioch,ANTC,53,0,3,North,YELLOW,9,0.0,No,On Time,2026-02-21,17
2026-02-21T01:08:40.682222+00:00,MacArthur,MCAR,Berryessa,BERY,0,299,2,South,ORANGE,6,4.98,Yes,Moderate,2026-02-21,17
2026-02-21T01:08:40.682222+00:00,MacArthur,MCAR,Berryessa,BERY,17,0,2,South,ORANGE,6,0.0,No,On Time,2026-02-21,17
2026-02-21T01:08:40.682222+00:00,MacArthur,MCAR,Berryessa,BERY,37,0,2,South,ORANGE,6,0.0,No,On Time,2026-02-21,17
2026-02-21T01:08:40.682222+00:00,MacArthur,MCAR,Millbrae,MLBR,2,0,2,South,RED,6,0.0,No,On Time,2026-02-21,17
2026-02-21T01:08:40.682222+00:00,MacArthur,MCAR,Millbrae,MLBR,22,0,2,South,RED,6,0.0,No,On Time,2026-02-21,17
2026-02-21T01:08:40.682222+00:00,MacArthur,MCAR,Millbrae,MLBR,42,0,2,South,RED,6,0.0,No,On Time,2026-02-21,17
2026-02-21T01:08:40.682222+00:00,MacArthur,MCAR,Pittsburg/Bay Point,PITT,2,0,3,North,YELLOW,9,0.0,No,On Time,2026-02-21,17
2026-02-21T01:08:40.682222+00:00,MacArthur,MCAR,Pittsburg/Bay Point,PITT,22,0,3,North,YELLOW,9,0.0,No,On Time,2026-02-21,17
2026-02-21T01:08:40.682222+00:00,MacArthur,MCAR,Pittsburg/Bay Point,PITT,42,0,3,North,YELLOW,9,0.0,No,On Time,2026-02-21,17
2026-02-21T01:08:40.682222+00:00,MacArthur,MCAR,Richmond,RICH,9,109,1,North,RED,8,1.82,No,Minor,2026-02-21,17
2026-02-21T01:08:40.682222+00:00,MacArthur,MCAR,Richmond,RICH,14,0,1,North,ORANGE,6,0.0,No,On Time,2026-02-21,17
2026-02-21T01:08:40.682222+00:00,MacArthur,MCAR,Richmond,RICH,27,0,1,North,RED,8,0.0,No,On Time,2026-02-21,17
2026-02-21T01:08:40.682222+00:00,MacArthur,MCAR,SF Airport,SFIA,6,0,4,South,YELLOW,10,0.0,No,On Time,2026-02-21,17
2026-02-21T01:08:40.682222+00:00,MacArthur,MCAR,SF Airport,SFIA,14,0,4,South,YELLOW,9,0.0,No,On Time,2026-02-21,17
2026-02-21T01:08:40.682222+00:00,MacArthur,MCAR,SF Airport,SFIA,26,0,4,South,YELLOW,9,0.0,No,On Time,2026-02-21,17
2026-02-21T01:08:40.682222+00:00,Castro Valley,CAST,Daly City,DALY,3,72,2,South,BLUE,6,1.2,No,Minor,2026-02-21,17
2026-02-21T01:08:40.682222+00:00,Castro Valley,CAST,Daly City,DALY,21,0,2,South,BLUE,6,0.0,No,On Time,2026-02-21,17
2026-02-21T01:08:40.682222+00:00,Castro Valley,CAST,Daly City,DALY,41,0,2,South,BLUE,6,0.0,No,On Time,2026-02-21,17
2026-02-21T01:08:40.682222+00:00,Castro Valley,CAST,Dublin/Pleasanton,DUBL,11,0,1,North,BLUE,8,0.0,No,On Time,2026-02-21,17
2026-02-21T01:08:40.682222+00:00,Castro Valley,CAST,Dublin/Pleasanton,DUBL,31,0,1,North,BLUE,8,0.0,No,On Time,2026-02-21,17
2026-02-21T01:08:40.682222+00:00,Castro Valley,CAST,Dublin/Pleasanton,DUBL,51,0,1,North,BLUE,8,0.0,No,On Time,2026-02-21,17
2026-02-21T01:08:40.682222+00:00,West Dublin/Pleasanton,WDUB,Daly City,DALY,11,0,2,South,BLUE,6,0.0,No,On Time,2026-02-21,17
2026-02-21T01:08:40.682222+00:00,West Dublin/Pleasanton,WDUB,Daly City,DALY,31,0,2,South,BLUE,6,0.0,No,On Time,2026-02-21,17
2026-02-21T01:08:40.682222+00:00,West Dublin/Pleasanton,WDUB,Dublin/Pleasanton,DUBL,1,0,1,North,BLUE,8,0.0,No,On Time,2026-02-21,17
2026-02-21T01:08:40.682222+00:00,West Dublin/Pleasanton,WDUB,Dublin/Pleasanton,DUBL,21,0,1,North,BLUE,8,0.0,No,On Time,2026-02-21,17
2026-02-21T01:08:40.682222+00:00,West Dublin/Pleasanton,WDUB,Dublin/Pleasanton,DUBL,41,0,1,North,BLUE,8,0.0,No,On Time,2026-02-21,17
2026-02-21T01:08:40.682222+00:00,Dublin/Pleasanton,DUBL,Daly City,DALY,8,0,2,South,BLUE,6,0.0,No,On Time,2026-02-21,17
2026-02-21T01:08:40.682222+00:00,Dublin/Pleasanton,DUBL,Daly City,DALY,28,0,2,South,BLUE,6,0.0,No,On Time,2026-02-21,17
2026-02-21T01:08:40.682222+00:00,West Oakland,WOAK,Antioch,ANTC,4,81,2,North,YELLOW,9,1.35,No,Minor,2026-02-21,17
2026-02-21T01:08:40.682222+00:00,West Oakland,WOAK,Antioch,ANTC,23,0,2,North,YELLOW,9,0.0,No,On Time,2026-02-21,17
2026-02-21T01:08:40.682222+00:00,West Oakland,WOAK,Antioch,ANTC,43,0,2,North,YELLOW,9,0.0,No,On Time,2026-02-21,17
2026-02-21T01:08:40.682222+00:00,West Oakland,WOAK,Berryessa,BERY,10,94,2,North,GREEN,8,1.57,No,Minor,2026-02-21,17
2026-02-21T01:08:40.682222+00:00,West Oakland,WOAK,Berryessa,BERY,29,0,2,North,GREEN,8,0.0,No,On Time,2026-02-21,17
2026-02-21T01:08:40.682222+00:00,West Oakland,WOAK,Berryessa,BERY,49,0,2,North,GREEN,8,0.0,No,On Time,2026-02-21,17
2026-02-21T01:08:40.682222+00:00,West Oakland,WOAK,Daly City,DALY,2,98,1,South,GREEN,6,1.63,No,Minor,2026-02-21,17
2026-02-21T01:08:40.682222+00:00,West Oakland,WOAK,Daly City,DALY,7,0,1,South,BLUE,6,0.0,No,On Time,2026-02-21,17
2026-02-21T01:08:40.682222+00:00,West Oakland,WOAK,Daly City,DALY,26,334,1,South,GREEN,6,5.57,Yes,Severe,2026-02-21,17
2026-02-21T01:08:40.682222+00:00,West Oakland,WOAK,Dublin/Pleasanton,DUBL,7,127,2,North,BLUE,8,2.12,Yes,Moderate,2026-02-21,17
2026-02-21T01:08:40.682222+00:00,West Oakland,WOAK,Dublin/Pleasanton,DUBL,25,0,2,North,BLUE,8,0.0,No,On Time,2026-02-21,17
2026-02-21T01:08:40.682222+00:00,West Oakland,WOAK,Dublin/Pleasanton,DUBL,45,0,2,North,BLUE,6,0.0,No,On Time,2026-02-21,17
2026-02-21T01:08:40.682222+00:00,West Oakland,WOAK,Millbrae,MLBR,12,0,1,South,RED,6,0.0,No,On Time,2026-02-21,17
2026-02-21T01:08:40.682222+00:00,West Oakland,WOAK,Millbrae,MLBR,32,0,1,South,RED,6,0.0,No,On Time,2026-02-21,17
2026-02-21T01:08:40.682222+00:00,West Oakland,WOAK,Millbrae,MLBR,52,0,1,South,RED,6,0.0,No,On Time,2026-02-21,17
2026-02-21T01:08:40.682222+00:00,West Oakland,WOAK,Pittsburg/Bay Point,PITT,12,64,2,North,YELLOW,9,1.07,No,Minor,2026-02-21,17
2026-02-21T01:08:40.682222+00:00,West Oakland,WOAK,Pittsburg/Bay Point,PITT,31,0,2,North,YELLOW,9,0.0,No,On Time,2026-02-21,17
2026-02-21T01:08:40.682222+00:00,West Oakland,WOAK,Pittsburg/Bay Point,PITT,51,0,2,North,YELLOW,9,0.0,No,On Time,2026-02-21,17
2026-02-21T01:08:40.682222+00:00,West Oakland,WOAK,Richmond,RICH,18,0,2,North,RED,8,0.0,No,On Time,2026-02-21,17
2026-02-21T01:08:40.682222+00:00,West Oakland,WOAK,Richmond,RICH,38,0,2,North,RED,8,0.0,No,On Time,2026-02-21,17
2026-02-21T01:08:40.682222+00:00,West Oakland,WOAK,Richmond,RICH,58,0,2,North,RED,6,0.0,No,On Time,2026-02-21,17
2026-02-21T01:08:40.682222+00:00,West Oakland,WOAK,SF Airport,SFIA,8,213,1,South,YELLOW,9,3.55,Yes,Moderate,2026-02-21,17
2026-02-21T01:08:40.682222+00:00,West Oakland,WOAK,SF Airport,SFIA,17,0,1,South,YELLOW,10,0.0,No,On Time,2026-02-21,17
2026-02-21T01:08:40.682222+00:00,West Oakland,WOAK,SF Airport,SFIA,25,0,1,South,YELLOW,9,0.0,No,On Time,2026-02-21,17
2026-02-21T01:08:40.682222+00:00,Embarcadero,EMBR,Antioch,ANTC,16,0,2,North,YELLOW,9,0.0,No,On Time,2026-02-21,17
2026-02-21T01:08:40.682222+00:00,Embarcadero,EMBR,Antioch,ANTC,36,0,2,North,YELLOW,9,0.0,No,On Time,2026-02-21,17
2026-02-21T01:08:40.682222+00:00,Embarcadero,EMBR,Antioch,ANTC,56,0,2,North,YELLOW,9,0.0,No,On Time,2026-02-21,17
2026-02-21T01:08:40.682222+00:00,Embarcadero,EMBR,Berryessa,BERY,4,129,2,North,GREEN,8,2.15,Yes,Moderate,2026-02-21,17
2026-02-21T01:08:40.682222+00:00,Embarcadero,EMBR,Berryessa,BERY,22,0,2,North,GREEN,8,0.0,No,On Time,2026-02-21,17
2026-02-21T01:08:40.682222+00:00,Embarcadero,EMBR,Berryessa,BERY,42,0,2,North,GREEN,8,0.0,No,On Time,2026-02-21,17
2026-02-21T01:08:40.682222+00:00,Embarcadero,EMBR,Daly City,DALY,8,65,1,South,GREEN,6,1.08,No,Minor,2026-02-21,17
2026-02-21T01:08:40.682222+00:00,Embarcadero,EMBR,Daly City,DALY,16,91,1,South,BLUE,6,1.52,No,Minor,2026-02-21,17
2026-02-21T01:08:40.682222+00:00,Embarcadero,EMBR,Daly City,DALY,33,319,1,South,GREEN,6,5.32,Yes,Severe,2026-02-21,17
2026-02-21T01:08:40.682222+00:00,Embarcadero,EMBR,Dublin/Pleasanton,DUBL,0,148,2,North,BLUE,8,2.47,Yes,Moderate,2026-02-21,17
2026-02-21T01:08:40.682222+00:00,Embarcadero,EMBR,Dublin/Pleasanton,DUBL,18,0,2,North,BLUE,8,0.0,No,On Time,2026-02-21,17
2026-02-21T01:08:40.682222+00:00,Embarcadero,EMBR,Dublin/Pleasanton,DUBL,38,0,2,North,BLUE,6,0.0,No,On Time,2026-02-21,17
2026-02-21T01:08:40.682222+00:00,Embarcadero,EMBR,Millbrae,MLBR,2,175,1,South,RED,6,2.92,Yes,Moderate,2026-02-21,17
2026-02-21T01:08:40.682222+00:00,Embarcadero,EMBR,Millbrae,MLBR,19,0,1,South,RED,6,0.0,No,On Time,2026-02-21,17
2026-02-21T01:08:40.682222+00:00,Embarcadero,EMBR,Millbrae,MLBR,39,0,1,South,RED,6,0.0,No,On Time,2026-02-21,17
2026-02-21T01:08:40.682222+00:00,Embarcadero,EMBR,Pittsburg/Bay Point,PITT,6,103,2,North,YELLOW,9,1.72,No,Minor,2026-02-21,17
2026-02-21T01:08:40.682222+00:00,Embarcadero,EMBR,Pittsburg/Bay Point,PITT,25,0,2,North,YELLOW,9,0.0,No,On Time,2026-02-21,17
2026-02-21T01:08:40.682222+00:00,Embarcadero,EMBR,Pittsburg/Bay Point,PITT,44,0,2,North,YELLOW,9,0.0,No,On Time,2026-02-21,17
2026-02-21T01:08:40.682222+00:00,Embarcadero,EMBR,Richmond,RICH,11,0,2,North,RED,8,0.0,No,On Time,2026-02-21,17
2026-02-21T01:08:40.682222+00:00,Embarcadero,EMBR,Richmond,RICH,31,0,2,North,RED,8,0.0,No,On Time,2026-02-21,17
2026-02-21T01:08:40.682222+00:00,Embarcadero,EMBR,Richmond,RICH,51,0,2,North,RED,6,0.0,No,On Time,2026-02-21,17
2026-02-21T01:08:40.682222+00:00,Embarcadero,EMBR,SF Airport,SFIA,4,0,1,South,YELLOW,9,0.0,No,On Time,2026-02-21,17
2026-02-21T01:08:40.682222+00:00,Embarcadero,EMBR,SF Airport,SFIA,15,200,1,South,YELLOW,9,3.33,Yes,Moderate,2026-02-21,17
2026-02-21T01:08:40.682222+00:00,Embarcadero,EMBR,SF Airport,SFIA,24,0,1,South,YELLOW,10,0.0,No,On Time,2026-02-21,17
2026-02-21T01:08:40.682222+00:00,Montgomery St.,MONT,Antioch,ANTC,14,0,2,North,YELLOW,9,0.0,No,On Time,2026-02-21,17
2026-02-21T01:08:40.682222+00:00,Montgomery St.,MONT,Antioch,ANTC,34,0,2,North,YELLOW,9,0.0,No,On Time,2026-02-21,17
2026-02-21T01:08:40.682222+00:00,Montgomery St.,MONT,Antioch,ANTC,54,0,2,North,YELLOW,9,0.0,No,On Time,2026-02-21,17
2026-02-21T01:08:40.682222+00:00,Montgomery St.,MONT,Berryessa,BERY,2,131,2,North,GREEN,8,2.18,Yes,Moderate,2026-02-21,17
2026-02-21T01:08:40.682222+00:00,Montgomery St.,MONT,Berryessa,BERY,20,0,2,North,GREEN,8,0.0,No,On Time,2026-02-21,17
2026-02-21T01:08:40.682222+00:00,Montgomery St.,MONT,Berryessa,BERY,40,0,2,North,GREEN,8,0.0,No,On Time,2026-02-21,17
2026-02-21T01:08:40.682222+00:00,Montgomery St.,MONT,Daly City,DALY,10,72,1,South,GREEN,6,1.2,No,Minor,2026-02-21,17
2026-02-21T01:08:40.682222+00:00,Montgomery St.,MONT,Daly City,DALY,18,118,1,South,BLUE,6,1.97,No,Minor,2026-02-21,17
2026-02-21T01:08:40.682222+00:00,Montgomery St.,MONT,Daly City,DALY,34,278,1,South,GREEN,6,4.63,Yes,Moderate,2026-02-21,17
2026-02-21T01:08:40.682222+00:00,Montgomery St.,MONT,Dublin/Pleasanton,DUBL,17,0,2,North,BLUE,8,0.0,No,On Time,2026-02-21,17
2026-02-21T01:08:40.682222+00:00,Montgomery St.,MONT,Dublin/Pleasanton,DUBL,37,0,2,North,BLUE,6,0.0,No,On Time,2026-02-21,17
2026-02-21T01:08:40.682222+00:00,Montgomery St.,MONT,Dublin/Pleasanton,DUBL,57,0,2,North,BLUE,6,0.0,No,On Time,2026-02-21,17
2026-02-21T01:08:40.682222+00:00,Montgomery St.,MONT,Millbrae,MLBR,3,153,1,South,RED,6,2.55,Yes,Moderate,2026-02-21,17
2026-02-21T01:08:40.682222+00:00,Montgomery St.,MONT,Millbrae,MLBR,21,0,1,South,RED,6,0.0,No,On Time,2026-02-21,17
2026-02-21T01:08:40.682222+00:00,Montgomery St.,MONT,Millbrae,MLBR,41,0,1,South,RED,6,0.0,No,On Time,2026-02-21,17
2026-02-21T01:08:40.682222+00:00,Montgomery St.,MONT,Pittsburg/Bay Point,PITT,4,113,2,North,YELLOW,9,1.88,No,Minor,2026-02-21,17
2026-02-21T01:08:40.682222+00:00,Montgomery St.,MONT,Pittsburg/Bay Point,PITT,23,0,2,North,YELLOW,9,0.0,No,On Time,2026-02-21,17
2026-02-21T01:08:40.682222+00:00,Montgomery St.,MONT,Pittsburg/Bay Point,PITT,43,0,2,North,YELLOW,9,0.0,No,On Time,2026-02-21,17
2026-02-21T01:08:40.682222+00:00,Montgomery St.,MONT,Richmond,RICH,10,91,2,North,RED,8,1.52,No,Minor,2026-02-21,17
2026-02-21T01:08:40.682222+00:00,Montgomery St.,MONT,Richmond,RICH,29,0,2,North,RED,8,0.0,No,On Time,2026-02-21,17
2026-02-21T01:08:40.682222+00:00,Montgomery St.,MONT,Richmond,RICH,49,0,2,North,RED,6,0.0,No,On Time,2026-02-21,17
2026-02-21T01:08:40.682222+00:00,Montgomery St.,MONT,SF Airport,SFIA,5,0,1,South,YELLOW,9,0.0,No,On Time,2026-02-21,17
2026-02-21T01:08:40.682222+00:00,Montgomery St.,MONT,SF Airport,SFIA,16,187,1,South,YELLOW,9,3.12,Yes,Moderate,2026-02-21,17
2026-02-21T01:08:40.682222+00:00,Montgomery St.,MONT,SF Airport,SFIA,25,0,1,South,YELLOW,10,0.0,No,On Time,2026-02-21,17
2026-02-21T01:08:40.682222+00:00,Powell St.,POWL,Antioch,ANTC,13,0,2,North,YELLOW,9,0.0,No,On Time,2026-02-21,17
2026-02-21T01:08:40.682222+00:00,Powell St.,POWL,Antioch,ANTC,33,0,2,North,YELLOW,9,0.0,No,On Time,2026-02-21,17
2026-02-21T01:08:40.682222+00:00,Powell St.,POWL,Antioch,ANTC,53,0,2,North,YELLOW,9,0.0,No,On Time,2026-02-21,17
2026-02-21T01:08:40.682222+00:00,Powell St.,POWL,Berryessa,BERY,1,161,2,North,GREEN,8,2.68,Yes,Moderate,2026-02-21,17
2026-02-21T01:08:40.682222+00:00,Powell St.,POWL,Berryessa,BERY,18,0,2,North,GREEN,8,0.0,No,On Time,2026-02-21,17
2026-02-21T01:08:40.682222+00:00,Powell St.,POWL,Berryessa,BERY,38,0,2,North,GREEN,8,0.0,No,On Time,2026-02-21,17
2026-02-21T01:08:40.682222+00:00,Powell St.,POWL,Daly City,DALY,11,0,1,South,GREEN,6,0.0,No,On Time,2026-02-21,17
2026-02-21T01:08:40.682222+00:00,Powell St.,POWL,Daly City,DALY,19,100,1,South,BLUE,6,1.67,No,Minor,2026-02-21,17
2026-02-21T01:08:40.682222+00:00,Powell St.,POWL,Daly City,DALY,36,292,1,South,GREEN,6,4.87,Yes,Moderate,2026-02-21,17
2026-02-21T01:08:40.682222+00:00,Powell St.,POWL,Dublin/Pleasanton,DUBL,15,0,2,North,BLUE,8,0.0,No,On Time,2026-02-21,17
2026-02-21T01:08:40.682222+00:00,Powell St.,POWL,Dublin/Pleasanton,DUBL,35,0,2,North,BLUE,6,0.0,No,On Time,2026-02-21,17
2026-02-21T01:08:40.682222+00:00,Powell St.,POWL,Dublin/Pleasanton,DUBL,55,0,2,North,BLUE,6,0.0,No,On Time,2026-02-21,17
2026-02-21T01:08:40.682222+00:00,Powell St.,POWL,Millbrae,MLBR,5,139,1,South,RED,6,2.32,Yes,Moderate,2026-02-21,17
2026-02-21T01:08:40.682222+00:00,Powell St.,POWL,Millbrae,MLBR,22,0,1,South,RED,6,0.0,No,On Time,2026-02-21,17
2026-02-21T01:08:40.682222+00:00,Powell St.,POWL,Millbrae,MLBR,42,0,1,South,RED,6,0.0,No,On Time,2026-02-21,17
2026-02-21T01:08:40.682222+00:00,Powell St.,POWL,Pittsburg/Bay Point,PITT,3,118,2,North,YELLOW,9,1.97,No,Minor,2026-02-21,17
2026-02-21T01:08:40.682222+00:00,Powell St.,POWL,Pittsburg/Bay Point,PITT,22,64,2,North,YELLOW,9,1.07,No,Minor,2026-02-21,17
2026-02-21T01:08:40.682222+00:00,Powell St.,POWL,Pittsburg/Bay Point,PITT,41,0,2,North,YELLOW,9,0.0,No,On Time,2026-02-21,17
2026-02-21T01:08:40.682222+00:00,Powell St.,POWL,Richmond,RICH,9,94,2,North,RED,8,1.57,No,Minor,2026-02-21,17
2026-02-21T01:08:40.682222+00:00,Powell St.,POWL,Richmond,RICH,27,0,2,North,RED,8,0.0,No,On Time,2026-02-21,17
2026-02-21T01:08:40.682222+00:00,Powell St.,POWL,Richmond,RICH,47,0,2,North,RED,6,0.0,No,On Time,2026-02-21,17
2026-02-21T01:08:40.682222+00:00,Powell St.,POWL,SF Airport,SFIA,7,0,1,South,YELLOW,9,0.0,No,On Time,2026-02-21,17
2026-02-21T01:08:40.682222+00:00,Powell St.,POWL,SF Airport,SFIA,18,172,1,South,YELLOW,9,2.87,Yes,Moderate,2026-02-21,17
2026-02-21T01:08:40.682222+00:00,Powell St.,POWL,SF Airport,SFIA,27,0,1,South,YELLOW,10,0.0,No,On Time,2026-02-21,17
2026-02-21T01:08:40.682222+00:00,Civic Center/UN Plaza,CIVC,Antioch,ANTC,11,0,2,North,YELLOW,9,0.0,No,On Time,2026-02-21,17
2026-02-21T01:08:40.682222+00:00,Civic Center/UN Plaza,CIVC,Antioch,ANTC,31,0,2,North,YELLOW,9,0.0,No,On Time,2026-02-21,17
2026-02-21T01:08:40.682222+00:00,Civic Center/UN Plaza,CIVC,Antioch,ANTC,51,0,2,North,YELLOW,9,0.0,No,On Time,2026-02-21,17
2026-02-21T01:08:40.682222+00:00,Civic Center/UN Plaza,CIVC,Berryessa,BERY,17,0,2,North,GREEN,8,0.0,No,On Time,2026-02-21,17
2026-02-21T01:08:40.682222+00:00,Civic Center/UN Plaza,CIVC,Berryessa,BERY,37,0,2,North,GREEN,8,0.0,No,On Time,2026-02-21,17
2026-02-21T01:08:40.682222+00:00,Civic Center/UN Plaza,CIVC,Berryessa,BERY,57,0,2,North,GREEN,6,0.0,No,On Time,2026-02-21,17
2026-02-21T01:08:40.682222+00:00,Civic Center/UN Plaza,CIVC,Daly City,DALY,13,0,1,South,GREEN,6,0.0,No,On Time,2026-02-21,17
2026-02-21T01:08:40.682222+00:00,Civic Center/UN Plaza,CIVC,Daly City,DALY,21,96,1,South,BLUE,6,1.6,No,Minor,2026-02-21,17
2026-02-21T01:08:40.682222+00:00,Civic Center/UN Plaza,CIVC,Daly City,DALY,37,262,1,South,GREEN,6,4.37,Yes,Moderate,2026-02-21,17
2026-02-21T01:08:40.682222+00:00,Civic Center/UN Plaza,CIVC,Dublin/Pleasanton,DUBL,13,0,2,North,BLUE,8,0.0,No,On Time,2026-02-21,17
2026-02-21T01:08:40.682222+00:00,Civic Center/UN Plaza,CIVC,Dublin/Pleasanton,DUBL,33,0,2,North,BLUE,6,0.0,No,On Time,2026-02-21,17
2026-02-21T01:08:40.682222+00:00,Civic Center/UN Plaza,CIVC,Dublin/Pleasanton,DUBL,53,0,2,North,BLUE,6,0.0,No,On Time,2026-02-21,17
2026-02-21T01:08:40.682222+00:00,Civic Center/UN Plaza,CIVC,Millbrae,MLBR,6,135,1,South,RED,6,2.25,Yes,Moderate,2026-02-21,17
2026-02-21T01:08:40.682222+00:00,Civic Center/UN Plaza,CIVC,Millbrae,MLBR,24,0,1,South,RED,6,0.0,No,On Time,2026-02-21,17
2026-02-21T01:08:40.682222+00:00,Civic Center/UN Plaza,CIVC,Millbrae,MLBR,44,0,1,South,RED,6,0.0,No,On Time,2026-02-21,17
2026-02-21T01:08:40.682222+00:00,Civic Center/UN Plaza,CIVC,Pittsburg/Bay Point,PITT,1,122,2,North,YELLOW,9,2.03,Yes,Moderate,2026-02-21,17
2026-02-21T01:08:40.682222+00:00,Civic Center/UN Plaza,CIVC,Pittsburg/Bay Point,PITT,20,67,2,North,YELLOW,9,1.12,No,Minor,2026-02-21,17
2026-02-21T01:08:40.682222+00:00,Civic Center/UN Plaza,CIVC,Pittsburg/Bay Point,PITT,39,0,2,North,YELLOW,9,0.0,No,On Time,2026-02-21,17
2026-02-21T01:08:40.682222+00:00,Civic Center/UN Plaza,CIVC,Richmond,RICH,7,97,2,North,RED,8,1.62,No,Minor,2026-02-21,17
2026-02-21T01:08:40.682222+00:00,Civic Center/UN Plaza,CIVC,Richmond,RICH,26,0,2,North,RED,8,0.0,No,On Time,2026-02-21,17
2026-02-21T01:08:40.682222+00:00,Civic Center/UN Plaza,CIVC,Richmond,RICH,46,0,2,North,RED,6,0.0,No,On Time,2026-02-21,17
2026-02-21T01:08:40.682222+00:00,Civic Center/UN Plaza,CIVC,SF Airport,SFIA,9,0,1,South,YELLOW,9,0.0,No,On Time,2026-02-21,17
2026-02-21T01:08:40.682222+00:00,Civic Center/UN Plaza,CIVC,SF Airport,SFIA,19,168,1,South,YELLOW,9,2.8,Yes,Moderate,2026-02-21,17
2026-02-21T01:08:40.682222+00:00,Civic Center/UN Plaza,CIVC,SF Airport,SFIA,29,0,1,South,YELLOW,10,0.0,No,On Time,2026-02-21,17
2026-02-21T01:08:40.682222+00:00,16th St. Mission,16TH,Antioch,ANTC,9,0,2,North,YELLOW,9,0.0,No,On Time,2026-02-21,17
2026-02-21T01:08:40.682222+00:00,16th St. Mission,16TH,Antioch,ANTC,29,0,2,North,YELLOW,9,0.0,No,On Time,2026-02-21,17
2026-02-21T01:08:40.682222+00:00,16th St. Mission,16TH,Antioch,ANTC,49,0,2,North,YELLOW,9,0.0,No,On Time,2026-02-21,17
2026-02-21T01:08:40.682222+00:00,16th St. Mission,16TH,Berryessa,BERY,14,0,2,North,GREEN,8,0.0,No,On Time,2026-02-21,17
2026-02-21T01:08:40.682222+00:00,16th St. Mission,16TH,Berryessa,BERY,34,0,2,North,GREEN,8,0.0,No,On Time,2026-02-21,17
2026-02-21T01:08:40.682222+00:00,16th St. Mission,16TH,Berryessa,BERY,54,0,2,North,GREEN,6,0.0,No,On Time,2026-02-21,17
2026-02-21T01:08:40.682222+00:00,16th St. Mission,16TH,Daly City,DALY,2,0,1,South,BLUE,6,0.0,No,On Time,2026-02-21,17
2026-02-21T01:08:40.682222+00:00,16th St. Mission,16TH,Daly City,DALY,15,0,1,South,GREEN,6,0.0,No,On Time,2026-02-21,17
2026-02-21T01:08:40.682222+00:00,16th St. Mission,16TH,Daly City,DALY,23,90,1,South,BLUE,6,1.5,No,Minor,2026-02-21,17
2026-02-21T01:08:40.682222+00:00,16th St. Mission,16TH,Dublin/Pleasanton,DUBL,11,0,2,North,BLUE,8,0.0,No,On Time,2026-02-21,17
2026-02-21T01:08:40.682222+00:00,16th St. Mission,16TH,Dublin/Pleasanton,DUBL,31,0,2,North,BLUE,6,0.0,No,On Time,2026-02-21,17
2026-02-21T01:08:40.682222+00:00,16th St. Mission,16TH,Dublin/Pleasanton,DUBL,51,0,2,North,BLUE,6,0.0,No,On Time,2026-02-21,17
2026-02-21T01:08:40.682222+00:00,16th St. Mission,16TH,Millbrae,MLBR,8,129,1,South,RED,6,2.15,Yes,Moderate,2026-02-21,17
2026-02-21T01:08:40.682222+00:00,16th St. Mission,16TH,Millbrae,MLBR,26,0,1,South,RED,6,0.0,No,On Time,2026-02-21,17
2026-02-21T01:08:40.682222+00:00,16th St. Mission,16TH,Millbrae,MLBR,46,0,1,South,RED,6,0.0,No,On Time,2026-02-21,17
2026-02-21T01:08:40.682222+00:00,16th St. Mission,16TH,Pittsburg/Bay Point,PITT,18,77,2,North,YELLOW,9,1.28,No,Minor,2026-02-21,17
2026-02-21T01:08:40.682222+00:00,16th St. Mission,16TH,Pittsburg/Bay Point,PITT,37,0,2,North,YELLOW,9,0.0,No,On Time,2026-02-21,17
2026-02-21T01:08:40.682222+00:00,16th St. Mission,16TH,Pittsburg/Bay Point,PITT,57,0,2,North,YELLOW,9,0.0,No,On Time,2026-02-21,17
2026-02-21T01:08:40.682222+00:00,16th St. Mission,16TH,Richmond,RICH,5,107,2,North,RED,8,1.78,No,Minor,2026-02-21,17
2026-02-21T01:08:40.682222+00:00,16th St. Mission,16TH,Richmond,RICH,23,0,2,North,RED,8,0.0,No,On Time,2026-02-21,17
2026-02-21T01:08:40.682222+00:00,16th St. Mission,16TH,Richmond,RICH,43,0,2,North,RED,6,0.0,No,On Time,2026-02-21,17
2026-02-21T01:08:40.682222+00:00,16th St. Mission,16TH,SF Airport,SFIA,11,0,1,South,YELLOW,9,0.0,No,On Time,2026-02-21,17
2026-02-21T01:08:40.682222+00:00,16th St. Mission,16TH,SF Airport,SFIA,22,162,1,South,YELLOW,9,2.7,Yes,Moderate,2026-02-21,17
2026-02-21T01:08:40.682222+00:00,16th St. Mission,16TH,SF Airport,SFIA,31,0,1,South,YELLOW,10,0.0,No,On Time,2026-02-21,17
2026-02-21T01:08:40.682222+00:00,24th St. Mission,24TH,Antioch,ANTC,7,0,2,North,YELLOW,9,0.0,No,On Time,2026-02-21,17
2026-02-21T01:08:40.682222+00:00,24th St. Mission,24TH,Antioch,ANTC,27,0,2,North,YELLOW,9,0.0,No,On Time,2026-02-21,17
2026-02-21T01:08:40.682222+00:00,24th St. Mission,24TH,Antioch,ANTC,47,0,2,North,YELLOW,9,0.0,No,On Time,2026-02-21,17
2026-02-21T01:08:40.682222+00:00,24th St. Mission,24TH,Berryessa,BERY,12,0,2,North,GREEN,8,0.0,No,On Time,2026-02-21,17
2026-02-21T01:08:40.682222+00:00,24th St. Mission,24TH,Berryessa,BERY,32,0,2,North,GREEN,8,0.0,No,On Time,2026-02-21,17
2026-02-21T01:08:40.682222+00:00,24th St. Mission,24TH,Berryessa,BERY,52,0,2,North,GREEN,6,0.0,No,On Time,2026-02-21,17
2026-02-21T01:08:40.682222+00:00,24th St. Mission,24TH,Daly City,DALY,4,0,1,South,BLUE,6,0.0,No,On Time,2026-02-21,17
2026-02-21T01:08:40.682222+00:00,24th St. Mission,24TH,Daly City,DALY,17,0,1,South,GREEN,6,0.0,No,On Time,2026-02-21,17
2026-02-21T01:08:40.682222+00:00,24th St. Mission,24TH,Daly City,DALY,25,88,1,South,BLUE,6,1.47,No,Minor,2026-02-21,17
2026-02-21T01:08:40.682222+00:00,24th St. Mission,24TH,Dublin/Pleasanton,DUBL,9,0,2,North,BLUE,8,0.0,No,On Time,2026-02-21,17
2026-02-21T01:08:40.682222+00:00,24th St. Mission,24TH,Dublin/Pleasanton,DUBL,29,0,2,North,BLUE,6,0.0,No,On Time,2026-02-21,17
2026-02-21T01:08:40.682222+00:00,24th St. Mission,24TH,Dublin/Pleasanton,DUBL,49,0,2,North,BLUE,6,0.0,No,On Time,2026-02-21,17
2026-02-21T01:08:40.682222+00:00,24th St. Mission,24TH,Millbrae,MLBR,10,127,1,South,RED,6,2.12,Yes,Moderate,2026-02-21,17
2026-02-21T01:08:40.682222+00:00,24th St. Mission,24TH,Millbrae,MLBR,28,0,1,South,RED,6,0.0,No,On Time,2026-02-21,17
2026-02-21T01:08:40.682222+00:00,24th St. Mission,24TH,Millbrae,MLBR,48,0,1,South,RED,6,0.0,No,On Time,2026-02-21,17
2026-02-21T01:08:40.682222+00:00,24th St. Mission,24TH,Pittsburg/Bay Point,PITT,16,71,2,North,YELLOW,9,1.18,No,Minor,2026-02-21,17
2026-02-21T01:08:40.682222+00:00,24th St. Mission,24TH,Pittsburg/Bay Point,PITT,35,0,2,North,YELLOW,9,0.0,No,On Time,2026-02-21,17
2026-02-21T01:08:40.682222+00:00,24th St. Mission,24TH,Pittsburg/Bay Point,PITT,55,0,2,North,YELLOW,9,0.0,No,On Time,2026-02-21,17
2026-02-21T01:08:40.682222+00:00,24th St. Mission,24TH,Richmond,RICH,3,112,2,North,RED,8,1.87,No,Minor,2026-02-21,17
2026-02-21T01:08:40.682222+00:00,24th St. Mission,24TH,Richmond,RICH,21,0,2,North,RED,8,0.0,No,On Time,2026-02-21,17
2026-02-21T01:08:40.682222+00:00,24th St. Mission,24TH,Richmond,RICH,41,0,2,North,RED,6,0.0,No,On Time,2026-02-21,17
2026-02-21T01:08:40.682222+00:00,24th St. Mission,24TH,SF Airport,SFIA,1,0,1,South,YELLOW,9,0.0,No,On Time,2026-02-21,17
2026-02-21T01:08:40.682222+00:00,24th St. Mission,24TH,SF Airport,SFIA,13,0,1,South,YELLOW,9,0.0,No,On Time,2026-02-21,17
2026-02-21T01:08:40.682222+00:00,24th St. Mission,24TH,SF Airport,SFIA,24,160,1,South,YELLOW,9,2.67,Yes,Moderate,2026-02-21,17
2026-02-21T01:08:40.682222+00:00,Glen Park,GLEN,Antioch,ANTC,4,0,2,North,YELLOW,9,0.0,No,On Time,2026-02-21,17
2026-02-21T01:08:40.682222+00:00,Glen Park,GLEN,Antioch,ANTC,24,0,2,North,YELLOW,9,0.0,No,On Time,2026-02-21,17
2026-02-21T01:08:40.682222+00:00,Glen Park,GLEN,Antioch,ANTC,44,0,2,North,YELLOW,9,0.0,No,On Time,2026-02-21,17
2026-02-21T01:08:40.682222+00:00,Glen Park,GLEN,Berryessa,BERY,9,0,2,North,GREEN,8,0.0,No,On Time,2026-02-21,17
2026-02-21T01:08:40.682222+00:00,Glen Park,GLEN,Berryessa,BERY,29,0,2,North,GREEN,8,0.0,No,On Time,2026-02-21,17
2026-02-21T01:08:40.682222+00:00,Glen Park,GLEN,Berryessa,BERY,49,0,2,North,GREEN,6,0.0,No,On Time,2026-02-21,17
2026-02-21T01:08:40.682222+00:00,Glen Park,GLEN,Daly City,DALY,2,150,1,South,GREEN,8,2.5,Yes,Moderate,2026-02-21,17
2026-02-21T01:08:40.682222+00:00,Glen Park,GLEN,Daly City,DALY,7,0,1,South,BLUE,6,0.0,No,On Time,2026-02-21,17
2026-02-21T01:08:40.682222+00:00,Glen Park,GLEN,Daly City,DALY,20,0,1,South,GREEN,6,0.0,No,On Time,2026-02-21,17
2026-02-21T01:08:40.682222+00:00,Glen Park,GLEN,Dublin/Pleasanton,DUBL,6,0,2,North,BLUE,8,0.0,No,On Time,2026-02-21,17
2026-02-21T01:08:40.682222+00:00,Glen Park,GLEN,Dublin/Pleasanton,DUBL,26,0,2,North,BLUE,6,0.0,No,On Time,2026-02-21,17
2026-02-21T01:08:40.682222+00:00,Glen Park,GLEN,Dublin/Pleasanton,DUBL,46,0,2,North,BLUE,6,0.0,No,On Time,2026-02-21,17
2026-02-21T01:08:40.682222+00:00,Glen Park,GLEN,Millbrae,MLBR,13,125,1,South,RED,6,2.08,Yes,Moderate,2026-02-21,17
2026-02-21T01:08:40.682222+00:00,Glen Park,GLEN,Millbrae,MLBR,31,0,1,South,RED,6,0.0,No,On Time,2026-02-21,17
2026-02-21T01:08:40.682222+00:00,Glen Park,GLEN,Millbrae,MLBR,51,0,1,South,RED,6,0.0,No,On Time,2026-02-21,17
2026-02-21T01:08:40.682222+00:00,Glen Park,GLEN,Pittsburg/Bay Point,PITT,13,72,2,North,YELLOW,9,1.2,No,Minor,2026-02-21,17
2026-02-21T01:08:40.682222+00:00,Glen Park,GLEN,Pittsburg/Bay Point,PITT,32,0,2,North,YELLOW,9,0.0,No,On Time,2026-02-21,17
2026-02-21T01:08:40.682222+00:00,Glen Park,GLEN,Pittsburg/Bay Point,PITT,52,0,2,North,YELLOW,9,0.0,No,On Time,2026-02-21,17
2026-02-21T01:08:40.682222+00:00,Glen Park,GLEN,Richmond,RICH,0,116,2,North,RED,8,1.93,No,Minor,2026-02-21,17
2026-02-21T01:08:40.682222+00:00,Glen Park,GLEN,Richmond,RICH,18,0,2,North,RED,8,0.0,No,On Time,2026-02-21,17
2026-02-21T01:08:40.682222+00:00,Glen Park,GLEN,Richmond,RICH,38,0,2,North,RED,6,0.0,No,On Time,2026-02-21,17
2026-02-21T01:08:40.682222+00:00,Glen Park,GLEN,SF Airport,SFIA,4,0,1,South,YELLOW,9,0.0,No,On Time,2026-02-21,17
2026-02-21T01:08:40.682222+00:00,Glen Park,GLEN,SF Airport,SFIA,16,0,1,South,YELLOW,9,0.0,No,On Time,2026-02-21,17
2026-02-21T01:08:40.682222+00:00,Glen Park,GLEN,SF Airport,SFIA,26,158,1,South,YELLOW,9,2.63,Yes,Moderate,2026-02-21,17
2026-02-21T01:08:40.682222+00:00,Balboa Park,BALB,Antioch,ANTC,2,0,2,North,YELLOW,9,0.0,No,On Time,2026-02-21,17
2026-02-21T01:08:40.682222+00:00,Balboa Park,BALB,Antioch,ANTC,22,0,2,North,YELLOW,9,0.0,No,On Time,2026-02-21,17
2026-02-21T01:08:40.682222+00:00,Balboa Park,BALB,Antioch,ANTC,42,0,2,North,YELLOW,9,0.0,No,On Time,2026-02-21,17
2026-02-21T01:08:40.682222+00:00,Balboa Park,BALB,Berryessa,BERY,7,0,2,North,GREEN,8,0.0,No,On Time,2026-02-21,17
2026-02-21T01:08:40.682222+00:00,Balboa Park,BALB,Berryessa,BERY,27,0,2,North,GREEN,8,0.0,No,On Time,2026-02-21,17
2026-02-21T01:08:40.682222+00:00,Balboa Park,BALB,Berryessa,BERY,47,0,2,North,GREEN,6,0.0,No,On Time,2026-02-21,17
2026-02-21T01:08:40.682222+00:00,Balboa Park,BALB,Daly City,DALY,4,135,1,South,GREEN,8,2.25,Yes,Moderate,2026-02-21,17
2026-02-21T01:08:40.682222+00:00,Balboa Park,BALB,Daly City,DALY,9,0,1,South,BLUE,6,0.0,No,On Time,2026-02-21,17
2026-02-21T01:08:40.682222+00:00,Balboa Park,BALB,Daly City,DALY,22,0,1,South,GREEN,6,0.0,No,On Time,2026-02-21,17
2026-02-21T01:08:40.682222+00:00,Balboa Park,BALB,Dublin/Pleasanton,DUBL,4,0,2,North,BLUE,8,0.0,No,On Time,2026-02-21,17
2026-02-21T01:08:40.682222+00:00,Balboa Park,BALB,Dublin/Pleasanton,DUBL,24,0,2,North,BLUE,6,0.0,No,On Time,2026-02-21,17
2026-02-21T01:08:40.682222+00:00,Balboa Park,BALB,Dublin/Pleasanton,DUBL,44,0,2,North,BLUE,6,0.0,No,On Time,2026-02-21,17
2026-02-21T01:08:40.682222+00:00,Balboa Park,BALB,Millbrae,MLBR,15,119,1,South,RED,6,1.98,No,Minor,2026-02-21,17
2026-02-21T01:08:40.682222+00:00,Balboa Park,BALB,Millbrae,MLBR,33,0,1,South,RED,6,0.0,No,On Time,2026-02-21,17
2026-02-21T01:08:40.682222+00:00,Balboa Park,BALB,Millbrae,MLBR,53,0,1,South,RED,6,0.0,No,On Time,2026-02-21,17
2026-02-21T01:08:40.682222+00:00,Balboa Park,BALB,Pittsburg/Bay Point,PITT,11,75,2,North,YELLOW,9,1.25,No,Minor,2026-02-21,17
2026-02-21T01:08:40.682222+00:00,Balboa Park,BALB,Pittsburg/Bay Point,PITT,30,0,2,North,YELLOW,9,0.0,No,On Time,2026-02-21,17
2026-02-21T01:08:40.682222+00:00,Balboa Park,BALB,Pittsburg/Bay Point,PITT,50,0,2,North,YELLOW,9,0.0,No,On Time,2026-02-21,17
2026-02-21T01:08:40.682222+00:00,Balboa Park,BALB,Richmond,RICH,16,0,2,North,RED,8,0.0,No,On Time,2026-02-21,17
2026-02-21T01:08:40.682222+00:00,Balboa Park,BALB,Richmond,RICH,36,0,2,North,RED,6,0.0,No,On Time,2026-02-21,17
2026-02-21T01:08:40.682222+00:00,Balboa Park,BALB,Richmond,RICH,56,0,2,North,RED,6,0.0,No,On Time,2026-02-21,17
2026-02-21T01:08:40.682222+00:00,Balboa Park,BALB,SF Airport,SFIA,1,178,1,South,YELLOW,9,2.97,Yes,Moderate,2026-02-21,17
2026-02-21T01:08:40.682222+00:00,Balboa Park,BALB,SF Airport,SFIA,6,0,1,South,YELLOW,9,0.0,No,On Time,2026-02-21,17
2026-02-21T01:08:40.682222+00:00,Balboa Park,BALB,SF Airport,SFIA,18,0,1,South,YELLOW,9,0.0,No,On Time,2026-02-21,17
2026-02-21T01:08:40.682222+00:00,Daly City,DALY,Antioch,ANTC,18,0,2,North,YELLOW,9,0.0,No,On Time,2026-02-21,17
2026-02-21T01:08:40.682222+00:00,Daly City,DALY,Antioch,ANTC,38,0,2,North,YELLOW,9,0.0,No,On Time,2026-02-21,17
2026-02-21T01:08:40.682222+00:00,Daly City,DALY,Berryessa,BERY,3,0,2,North,GREEN,8,0.0,No,On Time,2026-02-21,17
2026-02-21T01:08:40.682222+00:00,Daly City,DALY,Berryessa,BERY,20,0,2,North,GREEN,8,0.0,No,On Time,2026-02-21,17
2026-02-21T01:08:40.682222+00:00,Daly City,DALY,Berryessa,BERY,40,0,2,North,GREEN,6,0.0,No,On Time,2026-02-21,17
2026-02-21T01:08:40.682222+00:00,Daly City,DALY,Dublin/Pleasanton,DUBL,0,0,1,North,BLUE,8,0.0,No,On Time,2026-02-21,17
2026-02-21T01:08:40.682222+00:00,Daly City,DALY,Dublin/Pleasanton,DUBL,20,0,1,North,BLUE,6,0.0,No,On Time,2026-02-21,17
2026-02-21T01:08:40.682222+00:00,Daly City,DALY,Dublin/Pleasanton,DUBL,40,0,1,North,BLUE,6,0.0,No,On Time,2026-02-21,17
2026-02-21T01:08:40.682222+00:00,Daly City,DALY,Millbrae,MLBR,19,99,3,South,RED,6,1.65,No,Minor,2026-02-21,17
2026-02-21T01:08:40.682222+00:00,Daly City,DALY,Millbrae,MLBR,37,0,3,South,RED,6,0.0,No,On Time,2026-02-21,17
2026-02-21T01:08:40.682222+00:00,Daly City,DALY,Millbrae,MLBR,57,0,3,South,RED,6,0.0,No,On Time,2026-02-21,17
2026-02-21T01:08:40.682222+00:00,Daly City,DALY,Pittsburg/Bay Point,PITT,8,113,2,North,YELLOW,9,1.88,No,Minor,2026-02-21,17
2026-02-21T01:08:40.682222+00:00,Daly City,DALY,Pittsburg/Bay Point,PITT,26,0,2,North,YELLOW,9,0.0,No,On Time,2026-02-21,17
2026-02-21T01:08:40.682222+00:00,Daly City,DALY,Pittsburg/Bay Point,PITT,46,0,2,North,YELLOW,9,0.0,No,On Time,2026-02-21,17
2026-02-21T01:08:40.682222+00:00,Daly City,DALY,Richmond,RICH,13,0,2,North,RED,8,0.0,No,On Time,2026-02-21,17
2026-02-21T01:08:40.682222+00:00,Daly City,DALY,Richmond,RICH,32,0,2,North,RED,6,0.0,No,On Time,2026-02-21,17
2026-02-21T01:08:40.682222+00:00,Daly City,DALY,Richmond,RICH,52,0,2,North,RED,6,0.0,No,On Time,2026-02-21,17
2026-02-21T01:08:40.682222+00:00,Daly City,DALY,SF Airport,SFIA,4,131,3,South,YELLOW,9,2.18,Yes,Moderate,2026-02-21,17
2026-02-21T01:08:40.682222+00:00,Daly City,DALY,SF Airport,SFIA,11,0,3,South,YELLOW,9,0.0,No,On Time,2026-02-21,17
2026-02-21T01:08:40.682222+00:00,Daly City,DALY,SF Airport,SFIA,23,0,3,South,YELLOW,9,0.0,No,On Time,2026-02-21,17
2026-02-21T01:08:40.682222+00:00,Ashby,ASHB,Berryessa,BERY,11,0,2,South,ORANGE,6,0.0,No,On Time,2026-02-21,17
2026-02-21T01:08:40.682222+00:00,Ashby,ASHB,Berryessa,BERY,31,0,2,South,ORANGE,6,0.0,No,On Time,2026-02-21,17
2026-02-21T01:08:40.682222+00:00,Ashby,ASHB,Berryessa,BERY,51,0,2,South,ORANGE,6,0.0,No,On Time,2026-02-21,17
2026-02-21T01:08:40.682222+00:00,Ashby,ASHB,Millbrae,MLBR,18,0,2,South,RED,6,0.0,No,On Time,2026-02-21,17
2026-02-21T01:08:40.682222+00:00,Ashby,ASHB,Millbrae,MLBR,38,0,2,South,RED,6,0.0,No,On Time,2026-02-21,17
2026-02-21T01:08:40.682222+00:00,Ashby,ASHB,Millbrae,MLBR,58,0,2,South,RED,6,0.0,No,On Time,2026-02-21,17
2026-02-21T01:08:40.682222+00:00,Ashby,ASHB,Richmond,RICH,12,92,1,North,RED,8,1.53,No,Minor,2026-02-21,17
2026-02-21T01:08:40.682222+00:00,Ashby,ASHB,Richmond,RICH,17,0,1,North,ORANGE,6,0.0,No,On Time,2026-02-21,17
2026-02-21T01:08:40.682222+00:00,Ashby,ASHB,Richmond,RICH,31,0,1,North,RED,8,0.0,No,On Time,2026-02-21,17
2026-02-21T01:08:40.682222+00:00,Downtown Berkeley,DBRK,Berryessa,BERY,8,0,2,South,ORANGE,6,0.0,No,On Time,2026-02-21,17
2026-02-21T01:08:40.682222+00:00,Downtown Berkeley,DBRK,Berryessa,BERY,28,0,2,South,ORANGE,6,0.0,No,On Time,2026-02-21,17
2026-02-21T01:08:40.682222+00:00,Downtown Berkeley,DBRK,Berryessa,BERY,48,0,2,South,ORANGE,6,0.0,No,On Time,2026-02-21,17
2026-02-21T01:08:40.682222+00:00,Downtown Berkeley,DBRK,Millbrae,MLBR,16,0,2,South,RED,6,0.0,No,On Time,2026-02-21,17
2026-02-21T01:08:40.682222+00:00,Downtown Berkeley,DBRK,Millbrae,MLBR,36,0,2,South,RED,6,0.0,No,On Time,2026-02-21,17
2026-02-21T01:08:40.682222+00:00,Downtown Berkeley,DBRK,Millbrae,MLBR,56,0,2,South,RED,6,0.0,No,On Time,2026-02-21,17
2026-02-21T01:08:40.682222+00:00,Downtown Berkeley,DBRK,Richmond,RICH,14,88,1,North,RED,8,1.47,No,Minor,2026-02-21,17
2026-02-21T01:08:40.682222+00:00,Downtown Berkeley,DBRK,Richmond,RICH,19,0,1,North,ORANGE,6,0.0,No,On Time,2026-02-21,17
2026-02-21T01:08:40.682222+00:00,Downtown Berkeley,DBRK,Richmond,RICH,33,0,1,North,RED,8,0.0,No,On Time,2026-02-21,17
2026-02-21T01:08:40.682222+00:00,North Berkeley,NBRK,Berryessa,BERY,6,0,2,South,ORANGE,6,0.0,No,On Time,2026-02-21,17
2026-02-21T01:08:40.682222+00:00,North Berkeley,NBRK,Berryessa,BERY,26,0,2,South,ORANGE,6,0.0,No,On Time,2026-02-21,17
2026-02-21T01:08:40.682222+00:00,North Berkeley,NBRK,Berryessa,BERY,46,0,2,South,ORANGE,6,0.0,No,On Time,2026-02-21,17
2026-02-21T01:08:40.682222+00:00,North Berkeley,NBRK,Millbrae,MLBR,13,0,2,South,RED,6,0.0,No,On Time,2026-02-21,17
2026-02-21T01:08:40.682222+00:00,North Berkeley,NBRK,Millbrae,MLBR,33,0,2,South,RED,6,0.0,No,On Time,2026-02-21,17
2026-02-21T01:08:40.682222+00:00,North Berkeley,NBRK,Millbrae,MLBR,53,0,2,South,RED,6,0.0,No,On Time,2026-02-21,17
2026-02-21T01:08:40.682222+00:00,North Berkeley,NBRK,Richmond,RICH,2,0,1,North,ORANGE,6,0.0,No,On Time,2026-02-21,17
2026-02-21T01:08:40.682222+00:00,North Berkeley,NBRK,Richmond,RICH,17,93,1,North,RED,8,1.55,No,Minor,2026-02-21,17
2026-02-21T01:08:40.682222+00:00,North Berkeley,NBRK,Richmond,RICH,22,0,1,North,ORANGE,6,0.0,No,On Time,2026-02-21,17
2026-02-21T01:08:40.682222+00:00,El Cerrito Plaza,PLZA,Berryessa,BERY,2,0,2,South,ORANGE,6,0.0,No,On Time,2026-02-21,17
2026-02-21T01:08:40.682222+00:00,El Cerrito Plaza,PLZA,Berryessa,BERY,23,0,2,South,ORANGE,6,0.0,No,On Time,2026-02-21,17
2026-02-21T01:08:40.682222+00:00,El Cerrito Plaza,PLZA,Berryessa,BERY,42,0,2,South,ORANGE,6,0.0,No,On Time,2026-02-21,17
2026-02-21T01:08:40.682222+00:00,El Cerrito Plaza,PLZA,Millbrae,MLBR,10,0,2,South,RED,6,0.0,No,On Time,2026-02-21,17
2026-02-21T01:08:40.682222+00:00,El Cerrito Plaza,PLZA,Millbrae,MLBR,30,0,2,South,RED,6,0.0,No,On Time,2026-02-21,17
2026-02-21T01:08:40.682222+00:00,El Cerrito Plaza,PLZA,Millbrae,MLBR,50,0,2,South,RED,6,0.0,No,On Time,2026-02-21,17
2026-02-21T01:08:40.682222+00:00,El Cerrito Plaza,PLZA,Richmond,RICH,5,0,1,North,ORANGE,6,0.0,No,On Time,2026-02-21,17
2026-02-21T01:08:40.682222+00:00,El Cerrito Plaza,PLZA,Richmond,RICH,20,103,1,North,RED,8,1.72,No,Minor,2026-02-21,17
2026-02-21T01:08:40.682222+00:00,El Cerrito Plaza,PLZA,Richmond,RICH,25,0,1,North,ORANGE,6,0.0,No,On Time,2026-02-21,17
2026-02-21T01:08:40.682222+00:00,El Cerrito del Norte,DELN,Berryessa,BERY,19,0,2,South,ORANGE,6,0.0,No,On Time,2026-02-21,17
2026-02-21T01:08:40.682222+00:00,El Cerrito del Norte,DELN,Berryessa,BERY,39,0,2,South,ORANGE,6,0.0,No,On Time,2026-02-21,17
2026-02-21T01:08:40.682222+00:00,El Cerrito del Norte,DELN,Millbrae,MLBR,6,0,2,South,RED,6,0.0,No,On Time,2026-02-21,17
2026-02-21T01:08:40.682222+00:00,El Cerrito del Norte,DELN,Millbrae,MLBR,26,0,2,South,RED,6,0.0,No,On Time,2026-02-21,17
2026-02-21T01:08:40.682222+00:00,El Cerrito del Norte,DELN,Millbrae,MLBR,46,0,2,South,RED,6,0.0,No,On Time,2026-02-21,17
2026-02-21T01:08:40.682222+00:00,El Cerrito del Norte,DELN,Richmond,RICH,2,0,1,North,RED,8,0.0,No,On Time,2026-02-21,17
2026-02-21T01:08:40.682222+00:00,El Cerrito del Norte,DELN,Richmond,RICH,8,0,1,North,ORANGE,6,0.0,No,On Time,2026-02-21,17
2026-02-21T01:08:40.682222+00:00,El Cerrito del Norte,DELN,Richmond,RICH,23,96,1,North,RED,8,1.6,No,Minor,2026-02-21,17
2026-02-21T01:08:40.682222+00:00,Richmond,RICH,Berryessa,BERY,13,0,2,South,ORANGE,6,0.0,No,On Time,2026-02-21,17
2026-02-21T01:08:40.682222+00:00,Richmond,RICH,Berryessa,BERY,33,0,2,South,ORANGE,6,0.0,No,On Time,2026-02-21,17
2026-02-21T01:08:40.682222+00:00,Richmond,RICH,Millbrae,MLBR,2,0,2,South,RED,6,0.0,No,On Time,2026-02-21,17
2026-02-21T01:08:40.682222+00:00,Richmond,RICH,Millbrae,MLBR,20,0,2,South,RED,6,0.0,No,On Time,2026-02-21,17
2026-02-21T01:08:40.682222+00:00,Richmond,RICH,Millbrae,MLBR,40,0,2,South,RED,6,0.0,No,On Time,2026-02-21,17
2026-02-21T01:08:40.682222+00:00,Warm Springs/South Fremont,WARM,Berryessa,BERY,6,683,1,North,GREEN,6,11.38,Yes,Severe,2026-02-21,17
2026-02-21T01:08:40.682222+00:00,Warm Springs/South Fremont,WARM,Berryessa,BERY,8,142,1,South,ORANGE,6,2.37,Yes,Moderate,2026-02-21,17
2026-02-21T01:08:40.682222+00:00,Warm Springs/South Fremont,WARM,Berryessa,BERY,14,0,1,North,GREEN,6,0.0,No,On Time,2026-02-21,17
2026-02-21T01:08:40.682222+00:00,Warm Springs/South Fremont,WARM,Daly City,DALY,16,0,2,South,GREEN,6,0.0,No,On Time,2026-02-21,17
2026-02-21T01:08:40.682222+00:00,Warm Springs/South Fremont,WARM,Daly City,DALY,36,0,2,South,GREEN,6,0.0,No,On Time,2026-02-21,17
2026-02-21T01:08:40.682222+00:00,Warm Springs/South Fremont,WARM,Richmond,RICH,6,0,2,North,ORANGE,6,0.0,No,On Time,2026-02-21,17
2026-02-21T01:08:40.682222+00:00,Warm Springs/South Fremont,WARM,Richmond,RICH,26,0,2,North,ORANGE,6,0.0,No,On Time,2026-02-21,17
2026-02-21T01:08:40.682222+00:00,Warm Springs/South Fremont,WARM,Richmond,RICH,46,0,2,North,ORANGE,6,0.0,No,On Time,2026-02-21,17
2026-02-21T01:08:40.682222+00:00,Milpitas,MLPT,Berryessa,BERY,12,601,1,North,GREEN,6,10.02,Yes,Severe,2026-02-21,17
2026-02-21T01:08:40.682222+00:00,Milpitas,MLPT,Berryessa,BERY,14,76,1,South,ORANGE,6,1.27,No,Minor,2026-02-21,17
2026-02-21T01:08:40.682222+00:00,Milpitas,MLPT,Berryessa,BERY,22,0,1,North,GREEN,6,0.0,No,On Time,2026-02-21,17
2026-02-21T01:08:40.682222+00:00,Milpitas,MLPT,Daly City,DALY,8,0,2,South,GREEN,6,0.0,No,On Time,2026-02-21,17
2026-02-21T01:08:40.682222+00:00,Milpitas,MLPT,Daly City,DALY,28,0,2,South,GREEN,6,0.0,No,On Time,2026-02-21,17
2026-02-21T01:08:40.682222+00:00,Milpitas,MLPT,Richmond,RICH,18,0,2,North,ORANGE,6,0.0,No,On Time,2026-02-21,17
2026-02-21T01:08:40.682222+00:00,Milpitas,MLPT,Richmond,RICH,38,0,2,North,ORANGE,6,0.0,No,On Time,2026-02-21,17
2026-02-21T01:08:40.682222+00:00,Berryessa/North San Jose,BERY,Daly City,DALY,24,0,1,South,GREEN,6,0.0,No,On Time,2026-02-21,17
2026-02-21T01:08:40.682222+00:00,Berryessa/North San Jose,BERY,Richmond,RICH,14,0,2,North,ORANGE,6,0.0,No,On Time,2026-02-21,17
2026-02-21T01:08:40.682222+00:00,Berryessa/North San Jose,BERY,Richmond,RICH,34,0,2,North,ORANGE,6,0.0,No,On Time,2026-02-21,17
2026-02-21T01:08:40.682222+00:00,Colma,COLM,Antioch,ANTC,14,0,2,North,YELLOW,9,0.0,No,On Time,2026-02-21,17
2026-02-21T01:08:40.682222+00:00,Colma,COLM,Antioch,ANTC,34,0,2,North,YELLOW,9,0.0,No,On Time,2026-02-21,17
2026-02-21T01:08:40.682222+00:00,Colma,COLM,Millbrae,MLBR,2,68,1,South,RED,6,1.13,No,Minor,2026-02-21,17
2026-02-21T01:08:40.682222+00:00,Colma,COLM,Millbrae,MLBR,23,92,1,South,RED,6,1.53,No,Minor,2026-02-21,17
2026-02-21T01:08:40.682222+00:00,Colma,COLM,Millbrae,MLBR,41,0,1,South,RED,6,0.0,No,On Time,2026-02-21,17
2026-02-21T01:08:40.682222+00:00,Colma,COLM,Pittsburg/Bay Point,PITT,4,124,2,North,YELLOW,9,2.07,Yes,Moderate,2026-02-21,17
2026-02-21T01:08:40.682222+00:00,Colma,COLM,Pittsburg/Bay Point,PITT,22,0,2,North,YELLOW,9,0.0,No,On Time,2026-02-21,17
2026-02-21T01:08:40.682222+00:00,Colma,COLM,Pittsburg/Bay Point,PITT,42,0,2,North,YELLOW,9,0.0,No,On Time,2026-02-21,17
2026-02-21T01:08:40.682222+00:00,Colma,COLM,Richmond,RICH,9,0,2,North,RED,8,0.0,No,On Time,2026-02-21,17
2026-02-21T01:08:40.682222+00:00,Colma,COLM,Richmond,RICH,29,0,2,North,RED,6,0.0,No,On Time,2026-02-21,17
2026-02-21T01:08:40.682222+00:00,Colma,COLM,Richmond,RICH,49,0,2,North,RED,6,0.0,No,On Time,2026-02-21,17
2026-02-21T01:08:40.682222+00:00,Colma,COLM,SF Airport,SFIA,8,96,1,South,YELLOW,9,1.6,No,Minor,2026-02-21,17
2026-02-21T01:08:40.682222+00:00,Colma,COLM,SF Airport,SFIA,15,0,1,South,YELLOW,9,0.0,No,On Time,2026-02-21,17
2026-02-21T01:08:40.682222+00:00,Colma,COLM,SF Airport,SFIA,27,0,1,South,YELLOW,9,0.0,No,On Time,2026-02-21,17
2026-02-21T01:08:40.682222+00:00,South San Francisco,SSAN,Antioch,ANTC,11,0,2,North,YELLOW,9,0.0,No,On Time,2026-02-21,17
2026-02-21T01:08:40.682222+00:00,South San Francisco,SSAN,Antioch,ANTC,31,0,2,North,YELLOW,9,0.0,No,On Time,2026-02-21,17
2026-02-21T01:08:40.682222+00:00,South San Francisco,SSAN,Millbrae,MLBR,5,62,1,South,RED,6,1.03,No,Minor,2026-02-21,17
2026-02-21T01:08:40.682222+00:00,South San Francisco,SSAN,Millbrae,MLBR,26,78,1,South,RED,6,1.3,No,Minor,2026-02-21,17
2026-02-21T01:08:40.682222+00:00,South San Francisco,SSAN,Millbrae,MLBR,44,0,1,South,RED,6,0.0,No,On Time,2026-02-21,17
2026-02-21T01:08:40.682222+00:00,South San Francisco,SSAN,Pittsburg/Bay Point,PITT,1,137,2,North,YELLOW,9,2.28,Yes,Moderate,2026-02-21,17
2026-02-21T01:08:40.682222+00:00,South San Francisco,SSAN,Pittsburg/Bay Point,PITT,19,0,2,North,YELLOW,9,0.0,No,On Time,2026-02-21,17
2026-02-21T01:08:40.682222+00:00,South San Francisco,SSAN,Pittsburg/Bay Point,PITT,39,0,2,North,YELLOW,9,0.0,No,On Time,2026-02-21,17
2026-02-21T01:08:40.682222+00:00,South San Francisco,SSAN,Richmond,RICH,6,0,2,North,RED,8,0.0,No,On Time,2026-02-21,17
2026-02-21T01:08:40.682222+00:00,South San Francisco,SSAN,Richmond,RICH,25,0,2,North,RED,6,0.0,No,On Time,2026-02-21,17
2026-02-21T01:08:40.682222+00:00,South San Francisco,SSAN,Richmond,RICH,45,0,2,North,RED,6,0.0,No,On Time,2026-02-21,17
2026-02-21T01:08:40.682222+00:00,South San Francisco,SSAN,SF Airport,SFIA,11,95,1,South,YELLOW,9,1.58,No,Minor,2026-02-21,17
2026-02-21T01:08:40.682222+00:00,South San Francisco,SSAN,SF Airport,SFIA,18,0,1,South,YELLOW,9,0.0,No,On Time,2026-02-21,17
2026-02-21T01:08:40.682222+00:00,South San Francisco,SSAN,SF Airport,SFIA,30,0,1,South,YELLOW,9,0.0,No,On Time,2026-02-21,17
2026-02-21T01:08:40.682222+00:00,San Bruno,SBRN,Antioch,ANTC,8,0,2,North,YELLOW,9,0.0,No,On Time,2026-02-21,17
2026-02-21T01:08:40.682222+00:00,San Bruno,SBRN,Antioch,ANTC,28,0,2,North,YELLOW,9,0.0,No,On Time,2026-02-21,17
2026-02-21T01:08:40.682222+00:00,San Bruno,SBRN,Millbrae,MLBR,8,0,1,South,RED,6,0.0,No,On Time,2026-02-21,17
2026-02-21T01:08:40.682222+00:00,San Bruno,SBRN,Millbrae,MLBR,29,73,1,South,RED,6,1.22,No,Minor,2026-02-21,17
2026-02-21T01:08:40.682222+00:00,San Bruno,SBRN,Millbrae,MLBR,48,0,1,South,RED,6,0.0,No,On Time,2026-02-21,17
2026-02-21T01:08:40.682222+00:00,San Bruno,SBRN,Pittsburg/Bay Point,PITT,16,0,2,North,YELLOW,9,0.0,No,On Time,2026-02-21,17
2026-02-21T01:08:40.682222+00:00,San Bruno,SBRN,Pittsburg/Bay Point,PITT,36,0,2,North,YELLOW,9,0.0,No,On Time,2026-02-21,17
2026-02-21T01:08:40.682222+00:00,San Bruno,SBRN,Richmond,RICH,3,0,2,North,RED,8,0.0,No,On Time,2026-02-21,17
2026-02-21T01:08:40.682222+00:00,San Bruno,SBRN,Richmond,RICH,22,0,2,North,RED,6,0.0,No,On Time,2026-02-21,17
2026-02-21T01:08:40.682222+00:00,San Bruno,SBRN,Richmond,RICH,42,0,2,North,RED,6,0.0,No,On Time,2026-02-21,17
2026-02-21T01:08:40.682222+00:00,San Bruno,SBRN,SF Airport,SFIA,2,67,1,South,YELLOW,10,1.12,No,Minor,2026-02-21,17
2026-02-21T01:08:40.682222+00:00,San Bruno,SBRN,SF Airport,SFIA,14,95,1,South,YELLOW,9,1.58,No,Minor,2026-02-21,17
2026-02-21T01:08:40.682222+00:00,San Bruno,SBRN,SF Airport,SFIA,21,0,1,South,YELLOW,9,0.0,No,On Time,2026-02-21,17
2026-02-21T01:08:40.682222+00:00,Millbrae,MLBR,Richmond,RICH,12,0,3,North,RED,6,0.0,No,On Time,2026-02-21,17
2026-02-21T01:08:40.682222+00:00,Millbrae,MLBR,Richmond,RICH,32,0,3,North,RED,6,0.0,No,On Time,2026-02-21,17
2026-02-21T01:08:40.682222+00:00,San Francisco Int'l Airport,SFIA,Antioch,ANTC,4,0,1,North,YELLOW,9,0.0,No,On Time,2026-02-21,17
2026-02-21T01:08:40.682222+00:00,San Francisco Int'l Airport,SFIA,Antioch,ANTC,24,0,1,North,YELLOW,9,0.0,No,On Time,2026-02-21,17
2026-02-21T01:08:40.682222+00:00,San Francisco Int'l Airport,SFIA,Millbrae,MLBR,14,0,2,South,RED,6,0.0,No,On Time,2026-02-21,17
2026-02-21T01:08:40.682222+00:00,San Francisco Int'l Airport,SFIA,Millbrae,MLBR,34,0,2,South,RED,6,0.0,No,On Time,2026-02-21,17
2026-02-21T01:08:40.682222+00:00,San Francisco Int'l Airport,SFIA,Pittsburg/Bay Point,PITT,12,0,1,North,YELLOW,9,0.0,No,On Time,2026-02-21,17
2026-02-21T01:08:40.682222+00:00,San Francisco Int'l Airport,SFIA,Pittsburg/Bay Point,PITT,32,0,1,North,YELLOW,9,0.0,No,On Time,2026-02-21,17
2026-02-21T01:08:40.682222+00:00,San Francisco Int'l Airport,SFIA,Richmond,RICH,19,0,2,North,RED,6,0.0,No,On Time,2026-02-21,17
2026-02-21T01:08:40.682222+00:00,San Francisco Int'l Airport,SFIA,Richmond,RICH,39,0,2,North,RED,6,0.0,No,On Time,2026-02-21,17
